19536405,"TABLET 3G SPC     10/QC/1G/8G-GLEE",472,SPC,5,INFORMÁTICA,510,"COMPUTADORES E TABLET'S",5100514,"TABLET'S                                          ",",00","100,99","75,94",não,não,não,sim,,"8436542853316 ","0,988","2,268",240,270,35,"http://services.sorefoz.pt/redes/imgredes2.aspx?IMG=19536405 ","Processador: Quad Core - 1,2 GHz  <BR>Memória RAM: 1 GB  <BR>Capacidade: 8 GB  <BR>S.O.: Android 5.1  <BR>Monitor: Ecrã tátil IPS de 10,1 polegadas<BR>Resolução: 1024 x 600  <BR>Conectividade: Wi-Fi<BR>Bluetooth<BR>USB-OTG  <BR>Peso: 570 gr  <BR>Bateria: 6000 mAh  <BR>Cor: Preto  <BR>Garantia: 2 anos<BR>-","Processador:Quad Core - 1,2 GHz <br>Memória RAM:1 GB <br>Capacidade:8 GB <br>S.O.:Android 5.1 <br>Monitor:Ecrã tátil IPS de 10,1 polegadas<BR>Resolução: 1024 x 600 <br>Conectividade:Wi-Fi<BR>Bluetooth<BR>USB-OTG <br>Peso:570 gr <br>Bateria:6000 mAh <br>Cor:Preto <br>Características:3G<BR>Câmara traseira de 2 MP <br>Garantia:2 anos<br>",,,Não,
19536406,"TABLET SPC  10/QC/2G/16G-HEAVEN BR",472,SPC,5,INFORMÁTICA,510,"COMPUTADORES E TABLET'S",5100514,"TABLET'S                                          ",",00","109,15","79,34",sim,não,não,não,9762216B,"8436542854771 ","0,95","2,585",235,275,40,"http://services.sorefoz.pt/redes/imgredes2.aspx?IMG=19536406 ","Processador: Quad Core - 1,3 GHz  <BR>Memória RAM: 2 GB  <BR>Capacidade: 16 GB  <BR>S.O.: Android  <BR>Monitor: Ecrã IPS de 10,1 polegadas<BR>Resolução: 1280 x 800  <BR>Conectividade: Wi-Fi<BR>Bluetooth  <BR>Peso: 570 gr  <BR>Cor: Branco  <BR>Garantia: 2 anos<BR>-","Processador:Quad Core - 1,3 GHz <br>Memória RAM:2 GB <br>Capacidade:16 GB <br>S.O.:Android <br>Monitor:Ecrã IPS de 10,1 polegadas<BR>Resolução: 1280 x 800 <br>Conectividade:Wi-Fi<BR>Bluetooth <br>Peso:570 gr <br>Cor:Branco <br>Características:Acelerómetro<BR>Câmara traseira de 2 MP<BR>Câmara frontal<BR>Gravação de vídeo <br>Garantia:2 anos<br>",,,Sim,
19536407,"MP4 SPC      -EXTREME SOUND 8GB AZ",472,SPC,5,INFORMÁTICA,590,ACESSÓRIOS,5900597,"ACESSÓRIOS DE SOM                                 ",",00","34,90","25,54",não,não,não,sim,8598A,"8436542853736 ","0,171","0,576",120,120,40,"http://services.sorefoz.pt/redes/imgredes2.aspx?IMG=19536407 ","Compatibilidade: MP4  <BR>Cor: Azul  <BR>Garantia: 2 anos<BR>-","Compatibilidade:MP4 <br>Cor:Azul <br>Características:8 GB<BR>Ecrã de 1,8 polegadas<BR>Rádio FM<BR>Leitor de cartões Micro SD <br>Garantia:2 anos<br>",,,Não,
19536408,"TELEF SPC S/F.         -ART DUO PT",472,SPC,4,"TELEFONES E TELEMÓVEIS",420,"TELEFONES FIXOS",4200421,"TELEFONES DOMÉSTICOS                              ",",00","32,90","23,80",não,não,não,não,7312N,"8436542852890 ","0,585","2,368",160,185,80,"http://services.sorefoz.pt/redes/imgredes2.aspx?IMG=19536408 ","Peso: 111 gr<BR>Cor: Preto  <BR>Dimensão: 16 x 4,7 x 2,9 cm (AxLxP)<BR>Garantia: 2 anos<BR>-","Peso:111 gr<br>Cor:Preto <br>Dimensão:16 x 4,7 x 2,9 cm (AxLxP)<br>Características:Visor iluminado<BR>Compatível GAP<BR>Agenda para 20 números<BR>Identificador de chamadas<BR>Listagem de chamadas recebidas e realizadas<BR>10 melodias de toque<BR>Tecla R<BR>Modo Eco<BR>Função alarme<BR>Bloqueio de teclado<BR>Conexão telefónica RJ11 <br>Garantia:2 anos<br>",,,Sim,
19536409,"TORRE SOM SPC BT/FM 10W    -BREEZE",472,SPC,5,INFORMÁTICA,590,ACESSÓRIOS,5900597,"ACESSÓRIOS DE SOM                                 ",",00","44,99","32,92",sim,não,não,não,4550N,"8436542854177 ","3,682","41,195",1070,220,175,"http://services.sorefoz.pt/redes/imgredes2.aspx?IMG=19536409 ","Compatibilidade: MP3, WAV  <BR>Som: 2 x 5 W<BR>Cor: Preto  <BR>Acessórios Incluídos: Comando  <BR>Garantia: 2 anos<BR>-","Compatibilidade:MP3, WAV <br>Som:2 x 5 W<br>Cor:Preto <br>Características:Sintonizador FM<BR>Bluetooth<BR>Leitor de cartões SD<BR>Entrada auxiliar 3,5 mm<BR>USB (apenas carga) <br>Acessórios Incluídos:Comando <br>Garantia:2 anos<br>",,,Sim,
19536410,"TORRE SOM SPC BT/FM 40W   -THUNDER",472,SPC,5,INFORMÁTICA,590,ACESSÓRIOS,5900597,"ACESSÓRIOS DE SOM                                 ",",00","79,90","58,46",não,não,não,sim,4551N,"8436542854184 ",7,"35,207",1090,190,170,"http://services.sorefoz.pt/redes/imgredes2.aspx?IMG=19536410 ","Compatibilidade: MP3, WAV  <BR>Som: 2 x 10 &#43  20 W<BR>Cor: Preto  <BR>Garantia: 2 anos<BR>-","Compatibilidade:MP3, WAV <br>Som:2 x 10 + 20 W<br>Cor:Preto <br>Características:Sintonizador FM<BR>Bluetooth<BR>Leitor de cartões SD<BR>USB<BR>Entrada auxiliar 3,5 mm <br>Garantia:2 anos<br>",,,Não,
19536411,"TABLET SPC  7/QC/1G/8G    -FLOW PT",472,SPC,5,INFORMÁTICA,510,"COMPUTADORES E TABLET'S",5100514,"TABLET'S                                          ",",00","50,62","38,48",sim,não,não,não,9742108N,"8436542855280 ","0,39","1,26",140,225,40,"http://services.sorefoz.pt/redes/imgredes2.aspx?IMG=19536411 ","Processador: Quad Core - 1,3 GHz  <BR>Memória RAM: 1 GB  <BR>Capacidade: 8 GB  <BR>S.O.: Android  <BR>Monitor: Ecrã de 7 polegadas<BR>Resolução: 1024 x 600  <BR>Conectividade: Wi-Fi<BR>Bluetooth  <BR>Peso: 236 gr  <BR>Bateria: 2500 mAh  <BR>Cor: Preto  <BR>Garantia: 2 anos<BR>-","Processador:Quad Core - 1,3 GHz <br>Memória RAM:1 GB <br>Capacidade:8 GB <br>S.O.:Android <br>Monitor:Ecrã de 7 polegadas<BR>Resolução: 1024 x 600 <br>Conectividade:Wi-Fi<BR>Bluetooth <br>Peso:236 gr <br>Bateria:2500 mAh <br>Cor:Preto <br>Características:Acelerómetro<BR>Câmara frontal <br>Garantia:2 anos<br>",,,Sim,
19536412,"MINI SMARTBOX SPC AL.BLACK ANDROID",472,SPC,5,INFORMÁTICA,590,ACESSÓRIOS,5900598,"ACESSÓRIOS DE VIDEO                               ",",00","69,90","51,71",não,não,não,sim,9207108N,"8436542854962 ",1,"2,31",70,220,150,"http://services.sorefoz.pt/redes/imgredes2.aspx?IMG=19536412 ","Entradas/Saídas: Wi-Fi<BR>Slot SD até 32 GB<BR>RJ-45<BR>HDMI  <BR>Cor: Preto  <BR>Acessórios Incluídos: Telecomando  <BR>Garantia: 2 anos<BR>-","Entradas/Saídas:Wi-Fi<BR>Slot SD até 32 GB<BR>RJ-45<BR>HDMI <br>Cor:Preto <br>Características:Processador Quad Core 1 GB<BR>Memória interna: 8 GB<BR>Função USB OTG<BR>Miracast <br>Acessórios Incluídos:Telecomando <br>Garantia:2 anos<br>",,,Não,
19536413,"MINI SMARTBOX SPC AL.STICK ANDROID",472,SPC,5,INFORMÁTICA,590,ACESSÓRIOS,5900598,"ACESSÓRIOS DE VIDEO                               ",",00","59,90","44,32",não,não,não,sim,9208108N,"8436542854979 ",0,0,0,0,0,"http://services.sorefoz.pt/redes/imgredes2.aspx?IMG=19536413 ","Entradas/Saídas: Wi-Fi<BR>Slot SD até 32 GB<BR>RJ-45<BR>HDMI  <BR>Cor: Preto  <BR>Acessórios Incluídos: Telecomando  <BR>Garantia: 2 anos<BR>-","Entradas/Saídas:Wi-Fi<BR>Slot SD até 32 GB<BR>RJ-45<BR>HDMI <br>Cor:Preto <br>Características:Processador Quad Core 1 GB<BR>Memória interna: 8 GB<BR>Função USB OTG<BR>Miracast <br>Acessórios Incluídos:Telecomando <br>Garantia:2 anos<br>",,,Não,
19536414,"TABLET 4G SPC 10/QC/2G/16G-GRAVITY",472,SPC,5,INFORMÁTICA,510,"COMPUTADORES E TABLET'S",5100514,"TABLET'S                                          ",",00","150,25","110,53",sim,não,não,não,9769216B,"8436542855693 ","0,94","3,105",230,50,270,"http://services.sorefoz.pt/redes/imgredes2.aspx?IMG=19536414 ","Processador: Quad Core 1,1 GHz  <BR>Capacidade: 16 GB  <BR>S.O.: Android 8.1  <BR>Monitor: Ecrã tátil IPS HD de 10,1 polegadas<BR>Resolução: 1280 x 800  <BR>Conectividade: Wi-Fi<BR>Bluetooth<BR>USB-OTG  <BR>Peso: 556 gr  <BR>Bateria: 5800 mAh  <BR>Cor: Branco  <BR>Garantia: 2 anos<BR>-","Processador:Quad Core 1,1 GHz <br>Capacidade:16 GB <br>S.O.:Android 8.1 <br>Monitor:Ecrã tátil IPS HD de 10,1 polegadas<BR>Resolução: 1280 x 800 <br>Conectividade:Wi-Fi<BR>Bluetooth<BR>USB-OTG <br>Peso:556 gr <br>Bateria:5800 mAh <br>Cor:Branco <br>Características:4G<BR>Câmara traseira de 5 MP<BR>Câmara de 2 MP de vídeo chamada <br>Garantia:2 anos<br>",,,Sim,
19536415,"TABLET SPC 10/QC/3G/32-GRAVITY PRO",472,SPC,5,INFORMÁTICA,510,"COMPUTADORES E TABLET'S",5100514,"TABLET'S                                          ",",00","166,50","119,12",sim,não,não,não,9768332B,"8436542855662 ","0,92","2,585",40,235,275,"http://services.sorefoz.pt/redes/imgredes2.aspx?IMG=19536415 ","Processador: Quad Core Cortex A35 - 1,3 GHz  <BR>Memória RAM: 3 GB  <BR>Capacidade: 32 GB  <BR>S.O.: Android 7  <BR>Monitor: Ecrã tátil de 10 polegadas<BR>Resolução: 1280 x 800  <BR>Conectividade: Wi-Fi<BR>Bluetooth  <BR>Peso: 550 gr  <BR>Cor: Branco  <BR>Garantia: 2 anos<BR>-","Processador:Quad Core Cortex A35 - 1,3 GHz <br>Memória RAM:3 GB <br>Capacidade:32 GB <br>S.O.:Android 7 <br>Monitor:Ecrã tátil de 10 polegadas<BR>Resolução: 1280 x 800 <br>Conectividade:Wi-Fi<BR>Bluetooth <br>Peso:550 gr <br>Cor:Branco <br>Características:Câmara frontal de 2 MP<BR>Câmara traseira de 5 MP<BR>Acelerómetro<BR>Gravação de vídeo<BR> <br>Garantia:2 anos<br>",,,Sim,
19536416,"TELEMÓVEL SPC   -SENIOR GOLIATH PT",472,SPC,4,"TELEFONES E TELEMÓVEIS",410,"TELEMÓVEIS / CARTÕES",4100411,"TELEMÓVEIS                                        ",",00","64,90","48,02",não,não,não,não,2312N,"8436542855730 ","0,9","0,672",70,120,80,"http://services.sorefoz.pt/redes/imgredes2.aspx?IMG=19536416 ","Ecrã: 1,77   <BR>Bateria: 800 mAh<BR>Peso: 98 gr<BR>Dimensão: 10,5 x 5,7 x 2 cm (AxLxP)<BR>Cor: Preto  <BR>Garantia: 2 anos<BR>-","Ecrã:1,77' <br>Bateria:800 mAh<br>Peso:98 gr<br>Dimensão:10,5 x 5,7 x 2 cm (AxLxP)<br>Cor:Preto <br>Características:Dual SIM<BR>Botões grandes<BR>Bluetooth<BR>Rádio FM<BR>Leitor de cartões SD <br>Garantia:2 anos<br>",,,Sim,
19536417,"RADIO SPC AM/FM             -JETTY",472,SPC,5,INFORMÁTICA,590,ACESSÓRIOS,5900597,"ACESSÓRIOS DE SOM                                 ",",00","19,90","14,56",não,não,não,não,4577N,"8436542855884 ","0,241","0,54",100,135,40,"http://services.sorefoz.pt/redes/imgredes2.aspx?IMG=19536417 ","Cor: Silver / Preto  <BR>Garantia: 2 anos<BR>-","Cor:Silver / Preto <br>Características:Sintonizador digital<BR>Função despertador<BR>50 memórias<BR>Relógio<BR>Antena telescópica de alta sensibilidade <br>Garantia:2 anos<br>",,,Sim,
19536418,"TORRE SOM SPC BT/FM 100W-HURRICANE",472,SPC,5,INFORMÁTICA,590,ACESSÓRIOS,5900597,"ACESSÓRIOS DE SOM                                 ",",00","83,20","60,88",sim,não,não,não,4554N,"8436542855587 ","6,04","52,647",210,230,1090,"http://services.sorefoz.pt/redes/imgredes2.aspx?IMG=19536418 ","Som: 100 W<BR>Cor: Preto  <BR>Garantia: 2 anos<BR>-","Som:100 W<br>Cor:Preto <br>Características:Ecrã LED<BR>Sintonizador FM<BR>USB<BR>Leitor de cartões MicroSD<BR>Entrada auxiliar 3,5 mm<BR>Bluetooth <br>Garantia:2 anos<br>",,,Sim,
19536419,"AURIC BLUETOOTH SPC DESP.-STORK PT",472,SPC,5,INFORMÁTICA,590,ACESSÓRIOS,5900597,"ACESSÓRIOS DE SOM                                 ",",00","19,90","14,56",não,não,não,não,4602N,"8436542853279 ","0,135","0,703",45,125,125,"http://services.sorefoz.pt/redes/imgredes2.aspx?IMG=19536419 ","Cor: Preto  <BR>Garantia: 2 anos<BR>-","Cor:Preto <br>Características:Bluetooth<BR>Microfone<BR>Mãos livres<BR>Almofadas de silicone ajustáveis<BR>Autonomia: 3,5 horas<BR>Bateria de lítio<BR>Resistente a salpicos <br>Garantia:2 anos<br>",,,Sim,
19536420,"AURIC BLUETOOTH SPC DESP.-STORK RS",472,SPC,5,INFORMÁTICA,590,ACESSÓRIOS,5900597,"ACESSÓRIOS DE SOM                                 ",",00","19,90","14,56",não,não,não,não,4602P,"8436542855051 ","0,14","0,845",130,130,50,"http://services.sorefoz.pt/redes/imgredes2.aspx?IMG=19536420 ","Cor: Rosa  <BR>Garantia: 2 anos<BR>-","Cor:Rosa <br>Características:Bluetooth<BR>Microfone<BR>Mãos livres<BR>Almofadas de silicone ajustáveis<BR>Autonomia: 3,5 horas<BR>Bateria de lítio<BR>Resistente a salpicos <br>Garantia:2 anos<br>",,,Sim,
19536421,"AURIC BLUETOOTH SPC DESP.-STORK AM",472,SPC,5,INFORMÁTICA,590,ACESSÓRIOS,5900597,"ACESSÓRIOS DE SOM                                 ",",00","19,10","13,98",sim,não,não,não,4602Y,"8436542855921 ","0,145","0,731",45,125,130,"http://services.sorefoz.pt/redes/imgredes2.aspx?IMG=19536421 ","Cor: Amarelo  <BR>Garantia: 2 anos<BR>-","Cor:Amarelo <br>Características:Bluetooth<BR>Microfone<BR>Mãos livres<BR>Almofadas de silicone ajustáveis<BR>Autonomia: 3,5 horas<BR>Bateria de lítio<BR>Resistente a salpicos <br>Garantia:2 anos<br>",,,Sim,
19536422,"AUSCULT BLUETOOTH SPC 18H.-CROW PT",472,SPC,5,INFORMÁTICA,590,ACESSÓRIOS,5900597,"ACESSÓRIOS DE SOM                                 ",",00","19,90","14,56",não,não,não,não,4604N,"8436542855853 ","0,332","3,256",220,185,80,"http://services.sorefoz.pt/redes/imgredes2.aspx?IMG=19536422 ","Cor: Preto  <BR>Garantia: 2 anos<BR>-","Cor:Preto <br>Características:Bluetooth<BR>Mãos livres<BR>Microfone<BR>Almofada ajustável<BR>Alcance máximo: 10 metros<BR>Entrada auxiliar 3,5 mm<BR>Bateria de lítio <br>Garantia:2 anos<br>",,,Sim,
19536423,"AUSCULT BLUETOOTH SPC 18H.-CROW BR",472,SPC,5,INFORMÁTICA,590,ACESSÓRIOS,5900597,"ACESSÓRIOS DE SOM                                 ",",00","19,90","14,56",não,não,não,não,4604B,"8436542855846 ","0,104","3,256",220,185,80,"http://services.sorefoz.pt/redes/imgredes2.aspx?IMG=19536423 ","Cor: Branco  <BR>Garantia: 2 anos<BR>-","Cor:Branco <br>Características:Bluetooth<BR>Mãos livres<BR>Microfone<BR>Almofada ajustável<BR>Alcance máximo: 10 metros<BR>Entrada auxiliar 3,5 mm<BR>Bateria de lítio <br>Garantia:2 anos<br>",,,Sim,
19536424,"AURIC BLUETOOTH SPC SEM FIOS-HERON",472,SPC,5,INFORMÁTICA,590,ACESSÓRIOS,5900597,"ACESSÓRIOS DE SOM                                 ",",00","80,91","59,20",sim,não,não,não,4605N,"8436542855891 ","0,35","1,922",155,155,80,"http://services.sorefoz.pt/redes/imgredes2.aspx?IMG=19536424 ","Cor: Preto  <BR>Garantia: 2 anos<BR>-","Cor:Preto <br>Características:Bluetooth<BR>Mãos livres<BR>Autonomia: 3 horas<BR>Alcance máximo: 10 metros <br>Garantia:2 anos<br>",,,Sim,
19536425,"LUZ INTELIG. SPC      -SIRIUS 1050",472,SPC,5,INFORMÁTICA,590,ACESSÓRIOS,5900599,"OUTROS ACESSÓRIOS                                 ",",00","32,99","22,81",não,não,não,não,6103B,"8436542856034 ","0,1","1,024",80,160,80,"http://services.sorefoz.pt/redes/imgredes2.aspx?IMG=19536425 ","Compatibilidade: Android, IOS  <BR>Potência: 10 W<BR>Cor: Branco  <BR>Garantia: 2 anos<BR>-","Compatibilidade:Android, IOS <br>Potência:10 W<br>Características:Conetor E7<BR>Temperatura da cor: 2700K<BR>Fluxo de luminosidade total de 1050 (lm)<BR>Duração: 25.000 horas<BR>Classe energética A+<BR>Comprimento: 13,3 cm <br>Cor:Branco <br>Garantia:2 anos<br>",,,Não,
19536426,"LUZ INTELIG. SPC         -VEGA 380",472,SPC,5,INFORMÁTICA,590,ACESSÓRIOS,5900599,"OUTROS ACESSÓRIOS                                 ",",00","21,33","14,74",sim,não,não,não,6106B,"8436542856065 ","0,06","0,3",100,50,60,"http://services.sorefoz.pt/redes/imgredes2.aspx?IMG=19536426 ","Compatibilidade: Android, IOS  <BR>Potência: 4,5 W<BR>Cor: Branco  <BR>Garantia: 2 anos<BR>-","Compatibilidade:Android, IOS <br>Potência:4,5 W<br>Características:Conetor GU10<BR>Temperatura da cor: 2700K-6500K<BR>Fluxo de luminosidade total de 380 (lm)<BR>Duração: 25.000 horas<BR>Classe energética A+<BR>Comprimento: 7 cm <br>Cor:Branco <br>Garantia:2 anos<br>",,,Sim,
19536427,"TOMADA INTELIG. SPC   -CLEVER PLUG",472,SPC,5,INFORMÁTICA,590,ACESSÓRIOS,5900599,"OUTROS ACESSÓRIOS                                 ",",00","24,99","17,28",não,não,não,não,6201B,"8436542856096 ","0,15","0,77",110,100,70,"http://services.sorefoz.pt/redes/imgredes2.aspx?IMG=19536427 ","Compatibilidade: Android, IOS  <BR>Potência: 3680 W<BR>Cor: Branco  <BR>Garantia: 2 anos<BR>-","Compatibilidade:Android, IOS <br>Potência:3680 W<br>Características:1 x tomada <br>Cor:Branco <br>Garantia:2 anos<br>",,,Não,
19536428,"TOMADA INTELIG. SPC -CLEVER PW STR",472,SPC,5,INFORMÁTICA,590,ACESSÓRIOS,5900599,"OUTROS ACESSÓRIOS                                 ",",00","53,34","36,88",sim,não,não,não,6202B,"8436542856102 ","0,64","1,89",90,300,70,"http://services.sorefoz.pt/redes/imgredes2.aspx?IMG=19536428 ","Compatibilidade: Android, IOS  <BR>Potência: 2400 W<BR>Cor: Branco  <BR>Garantia: 2 anos<BR>-","Compatibilidade:Android, IOS <br>Potência:2400 W<br>Características:3 x tomadas<BR>4 x USB<BR>Comprimento do cabo: 180 cm <br>Cor:Branco <br>Garantia:2 anos<br>",,,Sim,
19536429,"CAMARA SEGURANÇA SPC        -LARES",472,SPC,5,INFORMÁTICA,590,ACESSÓRIOS,5900599,"OUTROS ACESSÓRIOS                                 ",",00","37,99","26,26",não,não,não,não,6302B,"8436542856126 ","0,18","0,756",140,90,60,"http://services.sorefoz.pt/redes/imgredes2.aspx?IMG=19536429 ","Compatibilidade: Android, IOS  <BR>Resolução: 1280 x 720 px<BR>Cor: Branco  <BR>Garantia: 2 anos<BR>-","Compatibilidade:Android, IOS <br>Resolução:1280 x 720 px<br>Características:Deteção de movimento<BR>Visão noturna<BR>Campo de visão de 115 graus<BR>Gravação de vídeo com armazenamento de 128 GB mediante micro SD e Cloud <br>Cor:Branco <br>Garantia:2 anos<br>",,,Sim,
19536430,"CAMARA SEGURANÇA SPC         -TEIA",472,SPC,5,INFORMÁTICA,590,ACESSÓRIOS,5900599,"OUTROS ACESSÓRIOS                                 ",",00","64,99","44,93",não,não,não,não,6303N,"8436542856133 ","0,33","1,489",165,95,95,"http://services.sorefoz.pt/redes/imgredes2.aspx?IMG=19536430 ","Compatibilidade: Android, IOS  <BR>Resolução: 1280 x 720 px<BR>Cor: Preto / Silver  <BR>Acessórios Incluídos: Controlo remoto  <BR>Garantia: 2 anos<BR>-","Compatibilidade:Android, IOS <br>Resolução:1280 x 720 px<br>Características:Deteção de movimento<BR>Visão noturna<BR>Campo de visão de 360 graus<BR>Gravação de vídeo com armazenamento de 128 GB mediante micro SD e Cloud <br>Acessórios Incluídos:Controlo remoto <br>Cor:Preto / Silver <br>Garantia:2 anos<br>",,,Sim,
19536431,"COLUNA BT SPC             -RAZZ PT",472,SPC,5,INFORMÁTICA,590,ACESSÓRIOS,5900597,"ACESSÓRIOS DE SOM                                 ",",00","40,90","29,93",não,não,não,não,4504N,"8436542854207 ","1,135","3,85",110,250,140,"http://services.sorefoz.pt/redes/imgredes2.aspx?IMG=19536431 ","Compatibilidade: MP3, WMA  <BR>Som: 2 x 5 W<BR>Cor: Preto  <BR>Garantia: 2 anos<BR>-","Compatibilidade:MP3, WMA <br>Som:2 x 5 W<br>Cor:Preto <br>Características:Ecrã LED<BR>Bluetooth<BR>Mãos livres<BR>Sintonizador FM<BR>Entrada auxiliar 3,5 mm<BR>Leitor de cartões Micro SD<BR>USB<BR>Bateria: 2000 mAh<BR>Pega de transporte <br>Garantia:2 anos<br>",,,Sim,
19536432,"AURIC BLUETOOTH SPC S/FIOS-EBON PT",472,SPC,5,INFORMÁTICA,590,ACESSÓRIOS,5900597,"ACESSÓRIOS DE SOM                                 ",",00","49,99","36,58",não,não,não,não,4606N,"8436542856003 ","0,335","1,561",65,155,155,"http://services.sorefoz.pt/redes/imgredes2.aspx?IMG=19536432 ","Cor: Preto  <BR>Garantia: 2 anos<BR>-","Cor:Preto <br>Características:Bluetooth<BR>Mãos livres<BR>Assistente de voz<BR>IPX5<BR>Autonomia: 3,5 horas <br>Garantia:2 anos<br>",,,Sim,
19536433,"AURIC BLUETOOTH SPC S/FIOS-EBON VM",472,SPC,5,INFORMÁTICA,590,ACESSÓRIOS,5900597,"ACESSÓRIOS DE SOM                                 ",",00","48,99","35,85",sim,não,não,não,4606R,"8436542856188 ","0,335","1,561",155,155,65,"http://services.sorefoz.pt/redes/imgredes2.aspx?IMG=19536433 ","Cor: Vermelho  <BR>Garantia: 2 anos<BR>-","Cor:Vermelho <br>Características:Bluetooth<BR>Mãos livres<BR>Assistente de voz<BR>IPX5<BR>Autonomia: 3,5 horas <br>Garantia:2 anos<br>",,,Sim,
19536434,"RADIO AM/FM SPC   -CHILLY RADIO PT",472,SPC,5,INFORMÁTICA,590,ACESSÓRIOS,5900597,"ACESSÓRIOS DE SOM                                 ",",00","18,90","13,83",não,não,não,não,4574N,"8436542855723 ","0,715","3,933",90,230,190,"http://services.sorefoz.pt/redes/imgredes2.aspx?IMG=19536434 ","Som: 0,8 W<BR>Cor: Preto  <BR>Garantia: 2 anos<BR>-","Som:0,8 W<br>Cor:Preto <br>Características:Sintonizador FM e AM<BR>Entrada auxiliar: 3,5 mm<BR>Antena telescópica<BR>Pilhas ou corrente <br>Garantia:2 anos<br>",,,Sim,
19536435,"LUZ INTELIG. SPC        -ATRIA 800",472,SPC,5,INFORMÁTICA,590,ACESSÓRIOS,5900599,"OUTROS ACESSÓRIOS                                 ",",00","21,99","15,20",não,não,não,não,6102B,"8436542856027 ","0,109","0,468",130,60,60,"http://services.sorefoz.pt/redes/imgredes2.aspx?IMG=19536435 ","Compatibilidade: Android, IOS, Amazon Alexa, Google Assistant e IFTTT  <BR>Potência: 9 W<BR>Cor: Branco  <BR>Garantia: 2 anos<BR>-","Compatibilidade:Android, IOS, Amazon Alexa, Google Assistant e IFTTT <br>Potência:9 W<br>Características:Conetor E27<BR>Temperatura da cor: 2700K<BR>Fluxo de luminosidade total de 800 (lm)<BR>Duração: 25.000 horas<BR>Classe energética A+<BR>Comprimento: 11 cm <br>Cor:Branco <br>Garantia:2 anos<br>",,,Não,
19536436,"LUZ INTELIG. SPC       -SIRIUS 470",472,SPC,5,INFORMÁTICA,590,ACESSÓRIOS,5900599,"OUTROS ACESSÓRIOS                                 ",",00","23,99","16,59",não,não,não,não,6101B,"8436542856010 ","0,085","0,043",12,60,60,"http://services.sorefoz.pt/redes/imgredes2.aspx?IMG=19536436 ","Compatibilidade: Android, IOS, Amazon Alexa, Google Assistant e IFTTT  <BR>Potência: 6 W<BR>Cor: Branco  <BR>Garantia: 2 anos<BR>-","Compatibilidade:Android, IOS, Amazon Alexa, Google Assistant e IFTTT <br>Potência:6 W<br>Características:Conetor E7<BR>Temperatura da cor: 2700K<BR>Fluxo de luminosidade total de 470 (lm)<BR>Duração: 25.000 horas<BR>Classe energética A+<BR>Comprimento: 11 cm <br>Cor:Branco <br>Garantia:2 anos<br>",,,Não,
19536437,"LUZ INTELIG. SPC       -SIRIUS 380",472,SPC,5,INFORMÁTICA,590,ACESSÓRIOS,5900599,"OUTROS ACESSÓRIOS                                 ",",00","23,99","16,59",não,não,não,não,6105B,"8436542856058 ","0,061","0,225",90,50,50,"http://services.sorefoz.pt/redes/imgredes2.aspx?IMG=19536437 ","Compatibilidade: Android, IOS, Amazon Alexa, Google Assistant e IFTTT  <BR>Potência: 4,5 W<BR>Cor: Branco  <BR>Garantia: 2 anos<BR>-","Compatibilidade:Android, IOS, Amazon Alexa, Google Assistant e IFTTT <br>Potência:4,5 W<br>Características:Conetor GU10<BR>Temperatura da cor: 2700K<BR>Fluxo de luminosidade total de 370 (lm)<BR>Duração: 25.000 horas<BR>Classe energética A+<BR>Comprimento: 7 cm <br>Cor:Branco <br>Garantia:2 anos<br>",,,Não,
19536438,"LUZ INTELIG. SPC       -SIRIUS 350",472,SPC,5,INFORMÁTICA,590,ACESSÓRIOS,5900599,"OUTROS ACESSÓRIOS                                 ",",00","23,99","16,59",não,não,não,não,6107B,"8436542856072 ","0,05","0,208",130,40,40,"http://services.sorefoz.pt/redes/imgredes2.aspx?IMG=19536438 ","Compatibilidade: Android, IOS, Amazon Alexa, Google Assistant e IFTTT  <BR>Potência: 4,5 W<BR>Cor: Branco  <BR>Garantia: 2 anos<BR>-","Compatibilidade:Android, IOS, Amazon Alexa, Google Assistant e IFTTT <br>Potência:4,5 W<br>Características:Conetor E14<BR>Temperatura da cor: 2700K<BR>Fluxo de luminosidade total de 350 (lm)<BR>Duração: 25.000 horas<BR>Classe energética A+<BR>Comprimento: 10,8 cm <br>Cor:Branco <br>Garantia:2 anos<br>",,,Não,
19536439,"LUZ INTELIG. SPC        -VEGA 1050",472,SPC,5,INFORMÁTICA,590,ACESSÓRIOS,5900599,"OUTROS ACESSÓRIOS                                 ",",00","29,99","20,74",não,não,não,não,6104B,"8436542856041 ",0,0,0,0,0,"http://services.sorefoz.pt/redes/imgredes2.aspx?IMG=19536439 ","Compatibilidade: Android, IOS, Amazon Alexa, Google Assistant e IFTTT  <BR>Potência: 10 W<BR>Cor: Branco  <BR>Garantia: 2 anos<BR>-","Compatibilidade:Android, IOS, Amazon Alexa, Google Assistant e IFTTT <br>Potência:10 W<br>Características:Conetor E27<BR>Temperatura da cor: 2700K-6500K<BR>Fluxo de luminosidade total de 1050 (lm)<BR>Duração: 25.000 horas<BR>Classe energética A+<BR>Comprimento: 13,3 cm <br>Cor:Branco <br>Garantia:2 anos<br>",,,Não,
19536440,"LUZ INTELIG. SPC TIRA DE LEDS-IRIS",472,SPC,5,INFORMÁTICA,590,ACESSÓRIOS,5900599,"OUTROS ACESSÓRIOS                                 ",",00","54,99","38,02",não,não,não,não,6108B,"8436542856089 ","0,462","2,16",200,180,60,"http://services.sorefoz.pt/redes/imgredes2.aspx?IMG=19536440 ","Compatibilidade: Android, IOS, Amazon Alexa, Google Assistant e IFTTT  <BR>Potência: 24 W<BR>Garantia: 2 anos<BR>-","Compatibilidade:Android, IOS, Amazon Alexa, Google Assistant e IFTTT <br>Potência:24 W<br>Características:Fluxo de luminosidade total de 600 (lm)<BR>Duração: 25.000 horas<BR>Classe Energética A++<BR>Possibilidade de selecionar cor e intensidade<BR>Comprimento: 5 metros <br>Garantia:2 anos<br>",,,Não,
19536441,"CAMARA SEGURANÇA SPC        -ANGEL",472,SPC,5,INFORMÁTICA,590,ACESSÓRIOS,5900599,"OUTROS ACESSÓRIOS                                 ",",00","74,99","51,85",não,não,não,não,6301B,"8436542856119 ","0,282","1,6",320,100,50,"http://services.sorefoz.pt/redes/imgredes2.aspx?IMG=19536441 ","Compatibilidade: Android, IOS, Amazon Alexa, Google Assistant e IFTTT  <BR>Resolução: 1920 x 1080 px<BR>Cor: Branco  <BR>Acessórios Incluídos: Cabo USB  <BR>Garantia: 2 anos<BR>-","Compatibilidade:Android, IOS, Amazon Alexa, Google Assistant e IFTTT <br>Resolução:1920 x 1080 px<br>Características:Wi-Fi 2,4 GHz<BR>Deteção de ruído e movimento<BR>Visão noturna<BR>Campo de visão de 115 graus<BR>Gravação de vídeo até 128 GB<BR>Sensor de temperatura e humidade <br>Acessórios Incluídos:Cabo USB <br>Cor:Branco <br>Garantia:2 anos<br>",,,Sim,
19536442,"ASP SPC ROBOT-5P.IOT       -BAAMBA",472,SPC,5,INFORMÁTICA,590,ACESSÓRIOS,5900599,"OUTROS ACESSÓRIOS                                 ",",00","219,99","152,09",não,não,não,não,6401N,"8436542856140 ",5,"28,35",420,500,135,"http://services.sorefoz.pt/redes/imgredes2.aspx?IMG=19536442 ","Compatibilidade: Android, IOS, Amazon Alexa, Google Assistant e IFTTT  <BR>Cor: Preto  <BR>Acessórios Incluídos: Estação de carga<BR>2 escovas laterais<BR>Mopa  <BR>Garantia: 2 anos<BR>-","Compatibilidade:Android, IOS, Amazon Alexa, Google Assistant e IFTTT <br>Características:14,8 V<BR>5 modos de limpeza<BR>Filtro HEPA<BR>Temporizador para programar a limpeza da casa<BR>Sensor para detetar e evitar escadas e outros desníveis<BR>Área de limpeza: 90 - 120 m2<BR>Reservatório: 0,5 L<BR>Capacidade do reservatório de água: 150 ml <br>Acessórios Incluídos:Estação de carga<BR>2 escovas laterais<BR>Mopa <br>Cor:Preto <br>Garantia:2 anos<br>",,,Sim,
19536443,"ASP SPC ROBOT-5P.IOT  -BAAMBA GYRO",472,SPC,5,INFORMÁTICA,590,ACESSÓRIOS,5900599,"OUTROS ACESSÓRIOS                                 ",",00","269,99","186,66",não,não,não,não,6402S,"8436542856157 ",5,"28,35",420,500,135,"http://services.sorefoz.pt/redes/imgredes2.aspx?IMG=19536443 ","Compatibilidade: Android, IOS, Amazon Alexa, Google Assistant e IFTTT  <BR>Cor: Silver  <BR>Acessórios Incluídos: Estação de carga<BR>2 escovas laterais<BR>Mopa  <BR>Garantia: 2 anos<BR>-","Compatibilidade:Android, IOS, Amazon Alexa, Google Assistant e IFTTT <br>Características:14,8 V<BR>Navegação inteligente<BR>5 modos de limpeza<BR>Filtro HEPA<BR>Temporizador para programar a limpeza da casa<BR>Sensor para detetar e evitar escadas e outros desníveis<BR>Área de limpeza: 90 - 120 m2<BR>Reservatório: 0,5 L<BR>Capacidade do reservatório de água: 150 ml <br>Acessórios Incluídos:Estação de carga<BR>2 escovas laterais<BR>Mopa <br>Cor:Silver <br>Garantia:2 anos<br>",,,Não,
19536444,"HUMIDIFICADOR SPC 0.4L.AROMA-NERTA",472,SPC,5,INFORMÁTICA,590,ACESSÓRIOS,5900599,"OUTROS ACESSÓRIOS                                 ",",00","42,99","29,72",não,não,não,não,6421B,"8436542856263 ","0,676","3,57",170,150,140,"http://services.sorefoz.pt/redes/imgredes2.aspx?IMG=19536444 ","Compatibilidade: Android, IOS, Amazon Alexa, Google Assistant e IFTTT  <BR>Cor: Branco  <BR>Garantia: 2 anos<BR>-","Compatibilidade:Android, IOS, Amazon Alexa, Google Assistant e IFTTT <br>Características:Possibilidade de regular a cor e intensidade<BR>Autonomia: 11 a 26 horas<BR>Temperatura de cor: RGB+W<BR>Capacidade: 400 ml de água<BR>Humidifica e ajuda a limpar o ar <br>Cor:Branco <br>Garantia:2 anos<br>",,,Não,
19536445,"COMANDO INFRAVERME. SPC IOT -HORUS",472,SPC,5,INFORMÁTICA,590,ACESSÓRIOS,5900599,"OUTROS ACESSÓRIOS                                 ",",00","32,99","22,81",não,não,não,não,6431N,"8436542854825 ","0,124","0,309",55,75,75,"http://services.sorefoz.pt/redes/imgredes2.aspx?IMG=19536445 ","Compatibilidade: Android, IOS, Amazon Alexa, Google Assistant e IFTTT  <BR>Cor: Preto  <BR>Garantia: 2 anos<BR>-","Compatibilidade:Android, IOS, Amazon Alexa, Google Assistant e IFTTT <br>Características:Wi-Fi 2,4 GHz<BR>Frequência infravermelha: 38-56 Khz<BR>Ângulo infravermelho: 360 graus<BR>Distância de 10 metros <br>Cor:Preto <br>Garantia:2 anos<br>",,,Sim,
19536446,"TABLET 3G SPC 10/QC/1G/16G-GRAVITY",472,SPC,5,INFORMÁTICA,510,"COMPUTADORES E TABLET'S",5100514,"TABLET'S                                          ",",00","114,90","83,54",não,não,não,não,9764116B,"8436542855709 ","0,938","2,173",35,270,230,"http://services.sorefoz.pt/redes/imgredes2.aspx?IMG=19536446 ","Processador: Quad Core 1.3 GHz  <BR>Capacidade: 16 GB  <BR>S.O.: Android 7  <BR>Monitor: Ecrã tátil IPS HD de 10,1 polegadas<BR>Resolução: 1280 x 800  <BR>Conectividade: Wi-Fi<BR>Bluetooth<BR>USB-OTG  <BR>Peso: 556 gr  <BR>Bateria: 5800 mAh  <BR>Cor: Branco  <BR>Garantia: 2 anos<BR>-","Processador:Quad Core 1.3 GHz <br>Capacidade:16 GB <br>S.O.:Android 7 <br>Monitor:Ecrã tátil IPS HD de 10,1 polegadas<BR>Resolução: 1280 x 800 <br>Conectividade:Wi-Fi<BR>Bluetooth<BR>USB-OTG <br>Peso:556 gr <br>Bateria:5800 mAh <br>Cor:Branco <br>Características:3G<BR>Câmara traseira de 5 MP<BR>Câmara frontal de 2 MP<BR>Gravação de vídeo<BR>Acelerómetro<BR>A-GPS <br>Garantia:2 anos<br>",,,Sim,
19536447,"CAPA SPC GRAVITY 10    -COSPLAY PT",472,SPC,5,INFORMÁTICA,590,ACESSÓRIOS,5900596,"MALAS                                             ",",00","25,90","18,74",não,não,não,não,4322N,"8436542854818 ","0,283","1,14",20,300,190,"http://services.sorefoz.pt/redes/imgredes2.aspx?IMG=19536447 ","Compatibilidade: Gravity Pro, Gravity 3G e Gravity 4G  <BR>Cor: Preto  <BR>Garantia: 2 anos<BR>-","Compatibilidade:Gravity Pro, Gravity 3G e Gravity 4G <br>Cor:Preto <br>Características:Suporte para ler e escrever <br>Garantia:2 anos<br>",,,Não,
19536448,"CAPA SPC GRAVITY 10     -GUMMER AZ",472,SPC,5,INFORMÁTICA,590,ACESSÓRIOS,5900596,"MALAS                                             ",",00","25,90","18,74",não,não,não,não,4323A,"8436542854832 ","0,359","2,247",25,310,290,"http://services.sorefoz.pt/redes/imgredes2.aspx?IMG=19536448 ","Compatibilidade: Gravity Pro, Gravity 3G e Gravity 4G  <BR>Cor: Azul  <BR>Garantia: 2 anos<BR>-","Compatibilidade:Gravity Pro, Gravity 3G e Gravity 4G <br>Cor:Azul <br>Características:Pega para transportar<BR>Anti queda<BR>Suporte para jogar <br>Garantia:2 anos<br>",,,Não,
19536449,"RADIO DESPERTADOR SPC    -FLOKI PT",472,SPC,5,INFORMÁTICA,590,ACESSÓRIOS,5900597,"ACESSÓRIOS DE SOM                                 ",",00","20,90","15,30",não,não,não,não,4580N,"8436542854863 ","0,347","1,584",110,180,80,"http://services.sorefoz.pt/redes/imgredes2.aspx?IMG=19536449 ","Cor: Preto  <BR>Garantia: 2 anos<BR>-","Cor:Preto <br>Características:Ecrã LED de 4,3 polegadas<BR>2 alarmes<BR>Função Snooze<BR>Função Sleep<BR>USB<BR>Funcionamento a pilhas <br>Garantia:2 anos<br>",,,Sim,
19536450,"RADIO DESPERTADOR SPC FLOKI MAX PT",472,SPC,5,INFORMÁTICA,590,ACESSÓRIOS,5900597,"ACESSÓRIOS DE SOM                                 ",",00","29,66","21,71",sim,não,não,não,4581N,"8436542856348 ","0,373","1,584",110,180,80,"http://services.sorefoz.pt/redes/imgredes2.aspx?IMG=19536450 ","Cor: Preto  <BR>Garantia: 2 anos<BR>-","Cor:Preto <br>Características:Ecrã LED de 4,3 polegadas<BR>2 alarmes<BR>Função Snooze<BR>Função Sleep<BR>USB<BR>Projeção da hora<BR>Funcionamento a pilhas <br>Garantia:2 anos<br>",,,Sim,
19536451,"RADIO DESPERTADOR SPC    -GISLI PT",472,SPC,5,INFORMÁTICA,590,ACESSÓRIOS,5900597,"ACESSÓRIOS DE SOM                                 ",",00","44,90","32,86",não,não,não,não,4582N,"8436542856294 ",0,0,0,0,0,"http://services.sorefoz.pt/redes/imgredes2.aspx?IMG=19536451 ","Cor: Preto  <BR>Garantia: 2 anos<BR>-","Cor:Preto <br>Características:Ecrã LED de 4,3 polegadas<BR>2 alarmes<BR>Função Snooze<BR>Função Sleep<BR>USB<BR>Funcionamento a pilhas <br>Garantia:2 anos<br>",,,Não,
19536452,"SMARTWATCH SPC -SMARTEE CIRCLE MAX",472,SPC,5,INFORMÁTICA,590,ACESSÓRIOS,5900599,"OUTROS ACESSÓRIOS                                 ",",00","65,01","48,26",sim,não,não,não,9621N,"8436542855969 ","0,257","1,224",120,120,85,"http://services.sorefoz.pt/redes/imgredes2.aspx?IMG=19536452 ","Compatibilidade: iOS 9 / Android 5.0  <BR>Resolução: 240 x 240 px<BR>Cor: Preto  <BR>Garantia: 2 anos<BR>-","Compatibilidade:iOS 9 / Android 5.0 <br>Resolução:240 x 240 px<br>Características:Ecrã IPS de 1,3 polegadas<BR>Multidesporto<BR>Passos, distâncias, calorias<BR>Notificações<BR>Monitor de sono<BR>Pulsómetro<BR>Gestão de chamadas<BR>Controlo de voz<BR>Bluetooth<BR>Bateria: 300 mAh<BR>Resistente á água <br>Cor:Preto <br>Garantia:2 anos<br>",,,Sim,
19536453,"SMARTWATCH SPC  -SMARTEE SPORT4 PT",472,SPC,5,INFORMÁTICA,590,ACESSÓRIOS,5900599,"OUTROS ACESSÓRIOS                                 ",",00","75,11","55,76",sim,não,não,não,9629N,"8436542855952 ","0,247","1,093",135,135,60,"http://services.sorefoz.pt/redes/imgredes2.aspx?IMG=19536453 ","Compatibilidade: iOS 9 / Android 5.0  <BR>Resolução: 240 x 240 px<BR>Cor: Preto  <BR>Garantia: 2 anos<BR>-","Compatibilidade:iOS 9 / Android 5.0 <br>Resolução:240 x 240 px<br>Características:Ecrã IPS de 1,3 polegadas<BR>Multidesporto<BR>Passos, distâncias, calorias<BR>Notificações<BR>Monitor de sono<BR>Pulsómetro<BR>GPS<BR>Gestão de chamadas<BR>Bluetooth<BR>Bateria: 250 mAh<BR>Resistente á água <br>Cor:Preto <br>Garantia:2 anos<br>",,,Sim,
19536454,"TABLET SPC  7/QC/1G/8G   -LAIKA AZ",472,SPC,5,INFORMÁTICA,510,"COMPUTADORES E TABLET'S",5100514,"TABLET'S                                          ",",00","62,95","47,85",sim,não,não,não,9743108A,"8436542855716 ","0,384","1,305",40,145,225,"http://services.sorefoz.pt/redes/imgredes2.aspx?IMG=19536454 ","Processador: Quad Core 1,3 GHz  <BR>Memória RAM: 1 GB  <BR>Capacidade: 8 GB  <BR>Placa Gráfica: IMG GE8300  <BR>S.O.: Android 8.1  <BR>Monitor: Ecrã IPS HD tátil de 7 polegadas  <BR>Conectividade: Wi-Fi<BR>Bluetooth  <BR>Peso: 239 gr  <BR>Bateria: 2500 mAh  <BR>Cor: Rosa  <BR>Garantia: 2 anos<BR>-","Processador:Quad Core 1,3 GHz <br>Memória RAM:1 GB <br>Capacidade:8 GB <br>Placa Gráfica:IMG GE8300 <br>S.O.:Android 8.1 <br>Monitor:Ecrã IPS HD tátil de 7 polegadas <br>Conectividade:Wi-Fi<BR>Bluetooth <br>Peso:239 gr <br>Bateria:2500 mAh <br>Cor:Rosa <br>Características:Câmara frontal para vídeo chamadas<BR>Acelerómetro <br>Garantia:2 anos<br>",,,Sim,
19536455,"TABLET SPC  7/QC/1G/8G   -LAIKA RS",472,SPC,5,INFORMÁTICA,510,"COMPUTADORES E TABLET'S",5100514,"TABLET'S                                          ",",00","62,95","47,85",sim,não,não,não,9743108P,"8436542855822 ","0,385","1,26",140,40,225,"http://services.sorefoz.pt/redes/imgredes2.aspx?IMG=19536455 ","Processador: Quad Core 1,3 GHz  <BR>Memória RAM: 1 GB  <BR>Capacidade: 8 GB  <BR>Placa Gráfica: IMG GE8300  <BR>S.O.: Android 8.1  <BR>Monitor: Ecrã IPS HD tátil de 7 polegadas  <BR>Conectividade: Wi-Fi<BR>Bluetooth  <BR>Peso: 239 gr  <BR>Bateria: 2500 mAh  <BR>Cor: Azul  <BR>Garantia: 2 anos<BR>-","Processador:Quad Core 1,3 GHz <br>Memória RAM:1 GB <br>Capacidade:8 GB <br>Placa Gráfica:IMG GE8300 <br>S.O.:Android 8.1 <br>Monitor:Ecrã IPS HD tátil de 7 polegadas <br>Conectividade:Wi-Fi<BR>Bluetooth <br>Peso:239 gr <br>Bateria:2500 mAh <br>Cor:Azul <br>Características:Câmara frontal para vídeo chamadas<BR>Acelerómetro <br>Garantia:2 anos<br>",,,Sim,
19536456,"TABLET SPC  10/QC/1G/16-GRAVITY BR",472,SPC,5,INFORMÁTICA,510,"COMPUTADORES E TABLET'S",5100514,"TABLET'S                                          ",",00","99,90","75,92",não,não,não,não,9770116B,"8436542855679 ",0,0,0,0,0,"http://services.sorefoz.pt/redes/imgredes2.aspx?IMG=19536456 ","Processador: Quad Core 1,5 GHz  <BR>Memória RAM: 1 GB  <BR>Capacidade: 16 GB  <BR>S.O.: Android 8.1 GO  <BR>Monitor: Ecrã IPS HD tátil de 10,1 polegadas<BR>Resolução: 1280 x 800  <BR>Conectividade: Wi-Fi<BR>Bluetooth  <BR>Peso: 550 gr  <BR>Bateria: 5800 mAh  <BR>Cor: Branco  <BR>Garantia: 2 anos<BR>-","Processador:Quad Core 1,5 GHz <br>Memória RAM:1 GB <br>Capacidade:16 GB <br>S.O.:Android 8.1 GO <br>Monitor:Ecrã IPS HD tátil de 10,1 polegadas<BR>Resolução: 1280 x 800 <br>Conectividade:Wi-Fi<BR>Bluetooth <br>Peso:550 gr <br>Bateria:5800 mAh <br>Cor:Branco <br>Características:Câmara frontal de 2 MP<BR>Câmara traseira de 5 MP<BR>Acelerómetro<BR>Gravação de vídeo <br>Garantia:2 anos<br>",,,Não,
19536457,"TABLET SPC  10/QC2G/16-GRAVITY MAX",472,SPC,5,INFORMÁTICA,510,"COMPUTADORES E TABLET'S",5100514,"TABLET'S                                          ",",00","114,90","83,54",não,não,não,não,9771216B,"8436542856423 ","0,92","2,213",35,275,230,"http://services.sorefoz.pt/redes/imgredes2.aspx?IMG=19536457 ","Processador: Quad Core 1,3 GHz  <BR>Memória RAM: 2 GB  <BR>Capacidade: 16 GB  <BR>S.O.: Android 8.1  <BR>Monitor: Ecrã IPS HD tátil de 10,1 polegadas<BR>Resolução: 1280 x 800  <BR>Conectividade: Wi-Fi<BR>Bluetooth  <BR>Peso: 545 gr  <BR>Bateria: 5800 mAh  <BR>Cor: Branco  <BR>Garantia: 2 anos<BR>-","Processador:Quad Core 1,3 GHz <br>Memória RAM:2 GB <br>Capacidade:16 GB <br>S.O.:Android 8.1 <br>Monitor:Ecrã IPS HD tátil de 10,1 polegadas<BR>Resolução: 1280 x 800 <br>Conectividade:Wi-Fi<BR>Bluetooth <br>Peso:545 gr <br>Bateria:5800 mAh <br>Cor:Branco <br>Características:Câmara frontal de 2 MP<BR>Câmara traseira de 5 MP<BR>Acelerómetro<BR>Gravação de vídeo <br>Garantia:2 anos<br>",,,Sim,
19536458,"RADIO AM-FM SPC      -JETTY MAX PT",472,SPC,5,INFORMÁTICA,590,ACESSÓRIOS,5900597,"ACESSÓRIOS DE SOM                                 ",",00","27,90","20,41",não,não,não,não,4578N,"8436542856249 ",0,0,0,0,0," ","Cor: Preto  <BR>Garantia: 2 anos<BR>-","Cor:Preto <br>Características:Sintonizador digital AM / FM<BR>50 memórias<BR>Relógio<BR>Função despertador<BR>Antena telescópica<BR>Entrada para auriculares 3,5 mm<BR>Funciona a pilhas e bateria <br>Garantia:2 anos<br>",,,Não,
19536459,"RADIO AM-FM SPC      -JETTY MAX BR",472,SPC,5,INFORMÁTICA,590,ACESSÓRIOS,5900597,"ACESSÓRIOS DE SOM                                 ",",00","27,90","20,41",não,não,não,não,4578B,"8436542854917 ",0,0,0,0,0," ","Cor: Branco  <BR>Garantia: 2 anos<BR>-","Cor:Branco <br>Características:Sintonizador digital AM / FM<BR>50 memórias<BR>Relógio<BR>Função despertador<BR>Antena telescópica<BR>Entrada para auriculares 3,5 mm<BR>Funciona a pilhas e bateria <br>Garantia:2 anos<br>",,,Não,
19536460,"TELEF FIXO SPC       -BLADE DUO VM",472,SPC,4,"TELEFONES E TELEMÓVEIS",420,"TELEFONES FIXOS",4200421,"TELEFONES DOMÉSTICOS                              ",",00","39,90","28,87",não,não,não,não,7292R,"8436542856614 ","0,653","2,711",115,205,115," ","Cor: Vermelho  <BR>Garantia: 2 anos<BR>-","Cor:Vermelho <br>Características:Agenda para 50 contatos<BR>Mãos-livres alta qualidade<BR>Identificador de chamadas<BR>Visor iluminado <br>Garantia:2 anos<br>",,,Sim,
19536461,"TELEF FIXO SPC -COMF.KAISER DUO PT",472,SPC,4,"TELEFONES E TELEMÓVEIS",420,"TELEFONES FIXOS",4200421,"TELEFONES DOMÉSTICOS                              ",",00","64,90","46,96",não,não,não,não,7609N,"8436542850247 ",0,0,0,0,0," ","Cor: Preto  <BR>Garantia: 2 anos<BR>-","Cor:Preto <br>Características:Teclas grandes<BR>Compatível com aparelhos auditivos<BR>Ajustável de volume do auscultador<BR>Mãos livres<BR>DUO: chamadas internas<BR>Transferência de chamadas entre aparelhos<BR>Agenda para 20 contatos <br>Garantia:2 anos<br>",,,Não,
19536462,"INTERRUPTOR SPC IOT          -HERA",472,SPC,5,INFORMÁTICA,590,ACESSÓRIOS,5900599,"OUTROS ACESSÓRIOS                                 ",",00","29,99","20,72",não,não,não,não,6203B,"8436542856720 ","0,203","0,543",105,115,45,"http://services.sorefoz.pt/redes/imgredes2.aspx?IMG=19536462 ","Cor: Branco  <BR>Garantia: 2 anos<BR>-","Características:Painel Touch Control<BR>Wi-Fi <br>Cor:Branco <br>Garantia:2 anos<br>",,,Sim,
19536463,"INTERRUPTOR SPC IOT        -HEMERA",472,SPC,5,INFORMÁTICA,590,ACESSÓRIOS,5900599,"OUTROS ACESSÓRIOS                                 ",",00","32,99","22,80",não,não,não,não,6204B,"8436542856737 ",0,0,0,0,0,"http://services.sorefoz.pt/redes/imgredes2.aspx?IMG=19536463 ","Cor: Branco  <BR>Garantia: 2 anos<BR>-","Características:Painel Touch Control<BR>Wi-Fi <br>Cor:Branco <br>Garantia:2 anos<br>",,,Não,
19536464,"CAMARA SEGURANÇA SPC IOT   -MAGNES",472,SPC,5,INFORMÁTICA,590,ACESSÓRIOS,5900599,"OUTROS ACESSÓRIOS                                 ",",00","129,99","89,83",não,não,não,não,6304B,"8436542856706 ",0,0,0,0,0,"http://services.sorefoz.pt/redes/imgredes2.aspx?IMG=19536464 ","Cor: Branco  <BR>Garantia: 2 anos<BR>-","Características:Wi-Fi<BR>Câmara standard: 960p<BR>Resolução: 1280 x 960<BR>Gravação de vídeo: coluna dupla com cancelamento de ruído: 6 m de distância IV<BR>Armazenamento: 64 GB através de cartão micro SD<BR>Campo de visão: diagonal 104º <br>Cor:Branco <br>Garantia:2 anos<br>",,,Não,
19536465,"VIDEOPORTEIRO SPC IOT       -VISUM",472,SPC,5,INFORMÁTICA,590,ACESSÓRIOS,5900599,"OUTROS ACESSÓRIOS                                 ",",00","129,99","89,83",não,não,não,não,6305N,"8436542856713 ",0,0,0,0,0," ","Cor: Preto  <BR>Garantia: 2 anos<BR>-","Características:Wi-Fi<BR>Câmara standard: 720p<BR>Resolução: 1280 x 720<BR>Gravação de vídeo: coluna dupla com cancelamento de ruído: 6 m de distância IV<BR>Armazenamento: 32 GB através de cartão micro SD<BR>Campo de visão: diagonal 166º <br>Cor:Preto <br>Garantia:2 anos<br>",,,Não,
19536466,"SENSOR PORTA/JANELA SPC IOT-APERIO",472,SPC,5,INFORMÁTICA,590,ACESSÓRIOS,5900599,"OUTROS ACESSÓRIOS                                 ",",00","29,99","20,72",não,não,não,não,6311B,"8436542856652 ","0,066","0,403",95,50,85,"http://services.sorefoz.pt/redes/imgredes2.aspx?IMG=19536466 ","Cor: Branco  <BR>Garantia: 2 anos<BR>-","Características:Wi-Fi<BR>Autonomia: 1 ano <br>Cor:Branco <br>Garantia:2 anos<br>",,,Não,
19536467,"SENSOR DE MOVIMENTO SPC IOT-KINESE",472,SPC,5,INFORMÁTICA,590,ACESSÓRIOS,5900599,"OUTROS ACESSÓRIOS                                 ",",00","29,99","20,72",não,não,não,não,6313B,"8436542856676 ","0,08","0,403",50,85,95,"http://services.sorefoz.pt/redes/imgredes2.aspx?IMG=19536467 ","Cor: Branco  <BR>Garantia: 2 anos<BR>-","Características:Wi-Fi<BR>Autonomia: 1 ano<BR>Campo de visão: diagonal 110º - (4 / 6 metros) <br>Cor:Branco <br>Garantia:2 anos<br>",,,Não,
19536468,"SENSOR FUGA DE ÁGUA SPC IOT-ELUVIO",472,SPC,5,INFORMÁTICA,590,ACESSÓRIOS,5900599,"OUTROS ACESSÓRIOS                                 ",",00","37,99","26,25",não,não,não,não,6312B,"8436542856669 ",0,0,0,0,0,"http://services.sorefoz.pt/redes/imgredes2.aspx?IMG=19536468 ","Cor: Branco  <BR>Garantia: 2 anos<BR>-","Características:Wi-Fi<BR>Bateria com duração de 1 ano <br>Cor:Branco <br>Garantia:2 anos<br>",,,Não,
19536469,"ALARME SONORO SPC IOT       -SONUS",472,SPC,5,INFORMÁTICA,590,ACESSÓRIOS,5900599,"OUTROS ACESSÓRIOS                                 ",",00","29,99","20,72",não,não,não,não,6314B,"8436542856683 ","0,128","0,403",95,85,50,"http://services.sorefoz.pt/redes/imgredes2.aspx?IMG=19536469 ","Cor: Branco  <BR>Garantia: 2 anos<BR>-","Características:Wi-Fi<BR>Bateria com duração de 1 ano<BR>Fonte de energia 5V <br>Cor:Branco <br>Garantia:2 anos<br>",,,Não,
19536470,"BAL.WC SPC IOT 180KG-ATENEA FIT BR",472,SPC,5,INFORMÁTICA,590,ACESSÓRIOS,5900599,"OUTROS ACESSÓRIOS                                 ",",00","54,99","38,00",não,não,não,não,6501B,"8436542854849 ",0,0,0,0,0,"http://services.sorefoz.pt/redes/imgredes2.aspx?IMG=19536470 ","Cor: Branco  <BR>Garantia: 2 anos<BR>-","Características:Peso máximo: 180 Kg<BR>Wi-Fi<BR>Estatísticas <br>Cor:Branco <br>Garantia:2 anos<br>",,,Não,
19536471,"BAL.WC SPC IOT 180KG-ATENEA FIT PT",472,SPC,5,INFORMÁTICA,590,ACESSÓRIOS,5900599,"OUTROS ACESSÓRIOS                                 ",",00","54,99","38,00",não,não,não,não,6501N,"8436542854856 ",0,0,0,0,0,"http://services.sorefoz.pt/redes/imgredes2.aspx?IMG=19536471 ","Cor: Preto  <BR>Garantia: 2 anos<BR>-","Características:Peso máximo: 180 Kg<BR>Wi-Fi<BR>Estatísticas <br>Cor:Preto <br>Garantia:2 anos<br>",,,Não,
19536472,"KIT SEGUR. SPC IOT STARTER  -6908K",472,SPC,5,INFORMÁTICA,590,ACESSÓRIOS,5900599,"OUTROS ACESSÓRIOS                                 ",",00","84,99","58,73",não,não,não,não,6908K,"8436542857062 ","0,274","1,209",0,0,0,"http://services.sorefoz.pt/redes/imgredes2.aspx?IMG=19536472 ","Características: Kit composto por: Sensor Aperio, Sensor Kinese e Sirene Sonus  <BR>Garantia: 2 anos<BR>-","Características:Kit composto por: Sensor Aperio, Sensor Kinese e Sirene Sonus <br>Garantia:2 anos<br>",,,Não,
19536473,"KIT SEGUR. SPC IOT STARTER -6908K2",472,SPC,5,INFORMÁTICA,590,ACESSÓRIOS,5900599,"OUTROS ACESSÓRIOS                                 ",",00","109,99","76,01",não,não,não,não,6908K-2,"8436542857192 ",0,0,0,0,0," ","Características: Kit composto por: Sensor Aperio, Sensor Kinese, Sirene Sonus e 3 lâmpadas Sirius 470  <BR>Garantia: 2 anos<BR>-","Características:Kit composto por: Sensor Aperio, Sensor Kinese, Sirene Sonus e 3 lâmpadas Sirius 470 <br>Garantia:2 anos<br>",,,Não,
19536474,"KIT SEGUR. SPC IOT INDOOR   -6912K",472,SPC,5,INFORMÁTICA,590,ACESSÓRIOS,5900599,"OUTROS ACESSÓRIOS                                 ",",00","94,99","65,64",não,não,não,não,6912K,"8436542857109 ",0,0,0,0,0,"http://services.sorefoz.pt/redes/imgredes2.aspx?IMG=19536474 ","Características: Kit composto por: Câmara Lares e Câmara Teia  <BR>Garantia: 2 anos<BR>-","Características:Kit composto por: Câmara Lares e Câmara Teia <br>Garantia:2 anos<br>",,,Não,
19536475,"KIT SEGUR. SPC IOT ST.+LARES-6909K",472,SPC,5,INFORMÁTICA,590,ACESSÓRIOS,5900599,"OUTROS ACESSÓRIOS                                 ",",00","119,99","82,92",não,não,não,não,6909K,"8436542857079 ",0,0,0,0,0,"http://services.sorefoz.pt/redes/imgredes2.aspx?IMG=19536475 ","Características: Kit composto por: Sensor Aperio, Sensor Kinese, Sirene Sonus e Câmara Lares  <BR>Garantia: 2 anos<BR>-","Características:Kit composto por: Sensor Aperio, Sensor Kinese, Sirene Sonus e Câmara Lares <br>Garantia:2 anos<br>",,,Não,
19536476,"KIT SEGUR. SPC IOT ST.+LAR.-6909K2",472,SPC,5,INFORMÁTICA,590,ACESSÓRIOS,5900599,"OUTROS ACESSÓRIOS                                 ",",00","144,99","100,20",não,não,não,não,6909K-2,"8436542857208 ",0,0,0,0,0," ","Características: Kit composto por: Sensor Aperio, Sensor Kinese, Sirene Sonus, Câmara Lares e 3 Lâmpadas Sirius 470  <BR>Garantia: 2 anos<BR>-","Características:Kit composto por: Sensor Aperio, Sensor Kinese, Sirene Sonus, Câmara Lares e 3 Lâmpadas Sirius 470 <br>Garantia:2 anos<br>",,,Não,
19536477,"KIT SEGUR. SPC IOT STA.+TEIA-6910K",472,SPC,5,INFORMÁTICA,590,ACESSÓRIOS,5900599,"OUTROS ACESSÓRIOS                                 ",",00","144,99","100,20",não,não,não,não,6910K,"8436542857086 ",0,0,0,0,0,"http://services.sorefoz.pt/redes/imgredes2.aspx?IMG=19536477 ","Características: Kit composto por: Sensor Aperio, Sensor Kinese, Sirene Sonus e Câmara Teia  <BR>Garantia: 2 anos<BR>-","Características:Kit composto por: Sensor Aperio, Sensor Kinese, Sirene Sonus e Câmara Teia <br>Garantia:2 anos<br>",,,Não,
19536478,"KIT SEGUR. SPC IOT ST.+TEIA-6910K2",472,SPC,5,INFORMÁTICA,590,ACESSÓRIOS,5900599,"OUTROS ACESSÓRIOS                                 ",",00","179,99","124,38",não,não,não,não,6910K-2,"8436542857215 ",0,0,0,0,0," ","Características: Kit composto por: Sensor Aperio, Sensor Kinese, Sirene Sonus, Câmara Teia e 3 Lâmpadas Sirius 1050  <BR>Garantia: 2 anos<BR>-","Características:Kit composto por: Sensor Aperio, Sensor Kinese, Sirene Sonus, Câmara Teia e 3 Lâmpadas Sirius 1050 <br>Garantia:2 anos<br>",,,Não,
19536479,"KIT SEGUR. SPC IOT ST.+VISUM-6911K",472,SPC,5,INFORMÁTICA,590,ACESSÓRIOS,5900599,"OUTROS ACESSÓRIOS                                 ",",00","199,99","138,20",não,não,não,não,6911K,"8436542857093 ",0,0,0,0,0,"http://services.sorefoz.pt/redes/imgredes2.aspx?IMG=19536479 ","Características: Kit composto por: Sensor Aperio, Sensor Kinese, Sirene Sonus e Câmara Visum  <BR>Garantia: 2 anos<BR>-","Características:Kit composto por: Sensor Aperio, Sensor Kinese, Sirene Sonus e Câmara Visum <br>Garantia:2 anos<br>",,,Não,
19536480,"KIT SEGUR. SPC IOT S.+VISUM-6911K2",472,SPC,5,INFORMÁTICA,590,ACESSÓRIOS,5900599,"OUTROS ACESSÓRIOS                                 ",",00","234,99","162,39",não,não,não,não,6911K-2,"8436542857222 ",0,0,0,0,0," ","Características: Kit composto por: Sensor Aperio, Sensor Kinese, Sirene Sonus, Videoporteiro Visum e 4 Lâmpadas Sirius 1050  <BR>Garantia: 2 anos<BR>-","Características:Kit composto por: Sensor Aperio, Sensor Kinese, Sirene Sonus, Videoporteiro Visum e 4 Lâmpadas Sirius 1050 <br>Garantia:2 anos<br>",,,Não,
19536481,"KIT DOMEST. SPC IOT HOME    -6920K",472,SPC,5,INFORMÁTICA,590,ACESSÓRIOS,5900599,"OUTROS ACESSÓRIOS                                 ",",00","99,90","69,04",não,não,não,não,6920K,"8436542857413 ",0,0,0,0,0,"http://services.sorefoz.pt/redes/imgredes2.aspx?IMG=19536481 ","Características: Kit composto por: Câmara Lares, Tomada inteligente Clever Plug e 2 lâmpadas Sirius 1050  <BR>Garantia: 2 anos<BR>-","Características:Kit composto por: Câmara Lares, Tomada inteligente Clever Plug e 2 lâmpadas Sirius 1050 <br>Garantia:2 anos<br>",,,Não,
19536482,"KIT DOMEST. SPC IOT VOICE   -6916K",472,SPC,5,INFORMÁTICA,590,ACESSÓRIOS,5900599,"OUTROS ACESSÓRIOS                                 ",",00","42,99","29,71",não,não,não,não,6916K,"8436542857147 ",0,0,0,0,0," ","Características: Kit composto por: Tomada inteligente Clever Plug e Lâmpada Sirius 470  <BR>Garantia: 2 anos<BR>-","Características:Kit composto por: Tomada inteligente Clever Plug e Lâmpada Sirius 470 <br>Garantia:2 anos<br>",,,Não,
19536483,"KIT DOMEST. SPC IOT CONTROL -6914K",472,SPC,5,INFORMÁTICA,590,ACESSÓRIOS,5900599,"OUTROS ACESSÓRIOS                                 ",",00","52,99","36,62",não,não,não,não,6914K,"8436542857123 ",0,0,0,0,0," ","Características: Kit composto por: Tomada inteligente Clever Plug e Comando infravermelhos Horus  <BR>Garantia: 2 anos<BR>-","Características:Kit composto por: Tomada inteligente Clever Plug e Comando infravermelhos Horus <br>Garantia:2 anos<br>",,,Não,
19536484,"KIT DOMEST. SPC IOT CONTROL-6914K2",472,SPC,5,INFORMÁTICA,590,ACESSÓRIOS,5900599,"OUTROS ACESSÓRIOS                                 ",",00","76,99","53,20",não,não,não,não,6914K-2,"8436542857246 ",0,0,0,0,0," ","Características: Kit composto por: Tomada inteligente Clever Plug, Comando infravermelhos Horus e 2 Lâmpadas Sirius 470  <BR>Garantia: 2 anos<BR>-","Características:Kit composto por: Tomada inteligente Clever Plug, Comando infravermelhos Horus e 2 Lâmpadas Sirius 470 <br>Garantia:2 anos<br>",,,Não,
19536485,"KIT DOMEST. SPC IOT AMBIENT -6913K",472,SPC,5,INFORMÁTICA,590,ACESSÓRIOS,5900599,"OUTROS ACESSÓRIOS                                 ",",00","62,99","43,53",não,não,não,não,6913K,"8436542857116 ",0,0,0,0,0,"http://services.sorefoz.pt/redes/imgredes2.aspx?IMG=19536485 ","Características: Kit composto por: Tomada inteligente Clever Plug e Humidificador Nerta  <BR>Garantia: 2 anos<BR>-","Características:Kit composto por: Tomada inteligente Clever Plug e Humidificador Nerta <br>Garantia:2 anos<br>",,,Não,
19536486,"KIT DOMEST. SPC IOT AMBIENT-6913K2",472,SPC,5,INFORMÁTICA,590,ACESSÓRIOS,5900599,"OUTROS ACESSÓRIOS                                 ",",00","95,99","66,33",não,não,não,não,6913K-2,"8436542857239 ",0,0,0,0,0," ","Características: Kit composto por: Tomada inteligente Clever Plug, Humidificador Nerta e 2 Lâmpadas Sirius 1050  <BR>Garantia: 2 anos<BR>-","Características:Kit composto por: Tomada inteligente Clever Plug, Humidificador Nerta e 2 Lâmpadas Sirius 1050 <br>Garantia:2 anos<br>",,,Não,
19536487,"KIT DOMEST. SPC IOT CONFORT -6915K",472,SPC,5,INFORMÁTICA,590,ACESSÓRIOS,5900599,"OUTROS ACESSÓRIOS                                 ",",00","94,99","65,64",não,não,não,não,6915K,"8436542857130 ",0,0,0,0,0,"http://services.sorefoz.pt/redes/imgredes2.aspx?IMG=19536487 ","Características: Kit composto por: Tomada inteligente Clever Plug, Comando infravermelhos Horus e Humidificador Horus  <BR>Garantia: 2 anos<BR>-","Características:Kit composto por: Tomada inteligente Clever Plug, Comando infravermelhos Horus e Humidificador Horus <br>Garantia:2 anos<br>",,,Não,
19536488,"KIT DOMEST. SPC IOT CONFORT-6915K2",472,SPC,5,INFORMÁTICA,590,ACESSÓRIOS,5900599,"OUTROS ACESSÓRIOS                                 ",",00","129,99","89,83",não,não,não,não,6915K-2,"8436542857253 ",0,0,0,0,0," ","Características: Kit composto por: Tomada inteligente Clever Plug, Comando infravermelhos Horus, Humidificador Horus e 2 Lâmpadas Sirius 1050  <BR>Garantia: 2 anos<BR>-","Características:Kit composto por: Tomada inteligente Clever Plug, Comando infravermelhos Horus, Humidificador Horus e 2 Lâmpadas Sirius 1050 <br>Garantia:2 anos<br>",,,Não,
19536489,"KIT DOMEST. SPC IOT BABY     6917K",472,SPC,5,INFORMÁTICA,590,ACESSÓRIOS,5900599,"OUTROS ACESSÓRIOS                                 ",",00","109,99","76,01",não,não,não,não,6917K,"8436542857154 ",0,0,0,0,0,"http://services.sorefoz.pt/redes/imgredes2.aspx?IMG=19536489 ","Características: Kit composto por: Câmara inteligente Angel e Humidificador Nerta  <BR>Garantia: 2 anos<BR>-","Características:Kit composto por: Câmara inteligente Angel e Humidificador Nerta <br>Garantia:2 anos<br>",,,Não,
19536490,"KIT DOMEST. SPC IOT BAL.+TOM-6918K",472,SPC,5,INFORMÁTICA,590,ACESSÓRIOS,5900599,"OUTROS ACESSÓRIOS                                 ",",00","54,90","37,94",não,não,não,não,6918K,"8436542857307 ",0,0,0,0,0,"http://services.sorefoz.pt/redes/imgredes2.aspx?IMG=19536490 ","Características: Kit composto por: Balança Atenea Fit &#43  Tomada Clever  <BR>Garantia: 2 anos<BR>-","Características:Kit composto por: Balança Atenea Fit + Tomada Clever <br>Garantia:2 anos<br>",,,Não,
19536491,"KIT DOMEST. SPC IOT BAL.+LAM-6919K",472,SPC,5,INFORMÁTICA,590,ACESSÓRIOS,5900599,"OUTROS ACESSÓRIOS                                 ",",00","59,90","41,39",não,não,não,não,6919K,"8436542857314 ",0,0,0,0,0,"http://services.sorefoz.pt/redes/imgredes2.aspx?IMG=19536491 ","Características: Kit composto por: Balança Atenea Fit &#43  Sirius 1050  <BR>Garantia: 2 anos<BR>-","Características:Kit composto por: Balança Atenea Fit + Sirius 1050 <br>Garantia:2 anos<br>",,,Não,
19536492,"PACK ILUM. SPC IOT SIRI.1050-6901P",472,SPC,5,INFORMÁTICA,590,ACESSÓRIOS,5900599,"OUTROS ACESSÓRIOS                                 ",",00","59,99","41,46",não,não,não,não,6901P,"8436542856997 ",0,0,0,0,0,"http://services.sorefoz.pt/redes/imgredes2.aspx?IMG=19536492 ","Características: Kit composto por: 2 lâmpadas Sirius 1050  <BR>Garantia: 2 anos<BR>-","Características:Kit composto por: 2 lâmpadas Sirius 1050 <br>Garantia:2 anos<br>",,,Não,
19536493,"PACK ILUM. SPC IOT SIRIUS470-6902P",472,SPC,5,INFORMÁTICA,590,ACESSÓRIOS,5900599,"OUTROS ACESSÓRIOS                                 ",",00","64,99","44,91",não,não,não,não,6902P,"8436542857000 ",0,0,0,0,0,"http://services.sorefoz.pt/redes/imgredes2.aspx?IMG=19536493 ","Características: Kit composto por: 3 lâmpadas Sirius 470  <BR>Garantia: 2 anos<BR>-","Características:Kit composto por: 3 lâmpadas Sirius 470 <br>Garantia:2 anos<br>",,,Não,
19536494,"PACK ILUM. SPC IOT SIRIUS380-6903P",472,SPC,5,INFORMÁTICA,590,ACESSÓRIOS,5900599,"OUTROS ACESSÓRIOS                                 ",",00","42,99","29,71",não,não,não,não,6903P,"8436542857017 ",0,0,0,0,0,"http://services.sorefoz.pt/redes/imgredes2.aspx?IMG=19536494 ","Características: Kit composto por: 2 lâmpadas Sirius 380  <BR>Garantia: 2 anos<BR>-","Características:Kit composto por: 2 lâmpadas Sirius 380 <br>Garantia:2 anos<br>",,,Não,
19536495,"PACK ILUM. SPC IOT SIRIUS380-6904P",472,SPC,5,INFORMÁTICA,590,ACESSÓRIOS,5900599,"OUTROS ACESSÓRIOS                                 ",",00","64,99","44,91",não,não,não,não,6904P,"8436542857024 ",0,0,0,0,0,"http://services.sorefoz.pt/redes/imgredes2.aspx?IMG=19536495 ","Características: Kit composto por: 3 lâmpadas Sirius 380  <BR>Garantia: 2 anos<BR>-","Características:Kit composto por: 3 lâmpadas Sirius 380 <br>Garantia:2 anos<br>",,,Não,
19536496,"PACK ILUM. SPC IOT SIRIUS350-6905P",472,SPC,5,INFORMÁTICA,590,ACESSÓRIOS,5900599,"OUTROS ACESSÓRIOS                                 ",",00","42,99","29,71",não,não,não,não,6905P,"8436542857031 ",0,0,0,0,0,"http://services.sorefoz.pt/redes/imgredes2.aspx?IMG=19536496 ","Características: Kit composto por: 2 lâmpadas Sirius 350  <BR>Garantia: 2 anos<BR>-","Características:Kit composto por: 2 lâmpadas Sirius 350 <br>Garantia:2 anos<br>",,,Não,
19536497,"PACK ILUM. SPC IOT SIRIUS350-6906P",472,SPC,5,INFORMÁTICA,590,ACESSÓRIOS,5900599,"OUTROS ACESSÓRIOS                                 ",",00","64,99","44,91",não,não,não,não,6906P,"8436542857048 ",0,0,0,0,0,"http://services.sorefoz.pt/redes/imgredes2.aspx?IMG=19536497 ","Características: Kit composto por: 3 lâmpadas Sirius 350  <BR>Garantia: 2 anos<BR>-","Características:Kit composto por: 3 lâmpadas Sirius 350 <br>Garantia:2 anos<br>",,,Não,
19536498,"PACK ILUM. SPC IOT VEGA 380 -6907P",472,SPC,5,INFORMÁTICA,590,ACESSÓRIOS,5900599,"OUTROS ACESSÓRIOS                                 ",",00","39,99","27,64",não,não,não,não,6907P,"8436542857055 ",0,0,0,0,0,"http://services.sorefoz.pt/redes/imgredes2.aspx?IMG=19536498 ","Características: Kit composto por: 2 lâmpadas Vega 380  <BR>Garantia: 2 anos<BR>-","Características:Kit composto por: 2 lâmpadas Vega 380 <br>Garantia:2 anos<br>",,,Não,
19536501,"MULTIF HP DESKJET AIO       -2134",351,HP,5,INFORMÁTICA,520,IMPRESSORAS,5200524,"MULTIFUNÇÕES J.TINTA                              ","38,99","38,99","30,71",não,não,não,sim,K7N80B,"0889296462620 ","4,59","31,701",190,470,355,"http://services.sorefoz.pt/redes/imgredes2.aspx?IMG=19536501 ","Velocidade de Impressão: 7,5 ppm / P&B<BR>5,5 ppm / Cores  <BR>Conectividade: USB  <BR>Tipo de Equipamento: Jacto de tinta térmico  <BR>Capacidade da Bandeja: 60 folhas<BR>Compatibilidade: Windows  <BR>Res. de Impressão: Até 1200 x 1200 ppp / preto<BR>Até 4800 x 1200 ppp / cores  <BR>Tinteiros: 302 Tricolor / Preto<BR>302XL Tricolor / Preto  <BR>Cor: Branco  <BR>Garantia: 2 anos<BR>-","Velocidade de Impressão:7,5 ppm / P&B<BR>5,5 ppm / Cores <br>Conectividade:USB <br>Tipo de Equipamento:Jacto de tinta térmico <br>Capacidade da Bandeja:60 folhas<br>Compatibilidade:Windows <br>Res. de Impressão:Até 1200 x 1200 ppp / preto<BR>Até 4800 x 1200 ppp / cores <br>Tinteiros:302 Tricolor / Preto<BR>302XL Tricolor / Preto <br>Cor:Branco <br>Características:Impressão, Scanner e fotocopiadora<BR>Impressão frente e verso manual<BR>Energy Star <br>Garantia:2 anos<br>",,,Não,
19536502,"MULTIF HP DESKJET AIO       -3636",351,HP,5,INFORMÁTICA,520,IMPRESSORAS,5200524,"MULTIFUNÇÕES J.TINTA                              ","59,99","59,99","47,27",não,não,não,sim,K4U00B,"0889899194065 ","5,278","31,166",190,466,352,"http://services.sorefoz.pt/redes/imgredes2.aspx?IMG=19536502 ","Velocidade de Impressão: 8,5 ppm / P&B<BR>6 ppm / Cores  <BR>Conectividade: Wi-Fi<BR>USB 2.0  <BR>Tipo de Equipamento: Jacto de tinta térmico  <BR>Capacidade da Bandeja: 60 folhas<BR>Compatibilidade: Windows, Mac OS  <BR>Res. de Impressão: Até 1200 x 1200 ppp / preto<BR>Até 4800 x 1200 ppp / cores  <BR>Res. de Digitalização: Até 1200 ppp  <BR>Tinteiros: HP 302 / 302XL  <BR>Cor: Branco  <BR>Garantia: 2 anos<BR>-","Velocidade de Impressão:8,5 ppm / P&B<BR>6 ppm / Cores <br>Conectividade:Wi-Fi<BR>USB 2.0 <br>Tipo de Equipamento:Jacto de tinta térmico <br>Capacidade da Bandeja:60 folhas<br>Compatibilidade:Windows, Mac OS <br>Res. de Impressão:Até 1200 x 1200 ppp / preto<BR>Até 4800 x 1200 ppp / cores <br>Res. de Digitalização:Até 1200 ppp <br>Tinteiros:HP 302 / 302XL <br>Cor:Branco <br>Características:LCD com ícone e 7 segmentos<BR>Impressão, cópia e digitalização<BR>Sensor automático de papel<BR>Duplex manual<BR>2 tinteiros<BR>Modo silencioso<BR>Certificado ENERGY STAR <br>Garantia:2 anos<br>",,,Não,
19536505,"MULTIF HP OFFICEJET eAIO    -4656",351,HP,5,INFORMÁTICA,520,IMPRESSORAS,5200524,"MULTIFUNÇÕES J.TINTA                              ","109,99","109,99","80,48",não,não,não,sim,K9V81B,"0889899762486 ","8,13","49,588",490,440,230,"http://services.sorefoz.pt/redes/imgredes2.aspx?IMG=19536505 ","Velocidade de Impressão: 9,5 ppm / P&B<BR>6,8 ppm / Cores  <BR>Conectividade: Wi-Fi<BR>USB 2.0  <BR>Tipo de Equipamento: Jacto de tinta térmico  <BR>Memória: 64 MB  <BR>Capacidade da Bandeja: 100 folhas<BR>Compatibilidade: Windows  <BR>Res. de Impressão: Até 1200 x 1200 ppp / preto<BR>Até 4800 x 1200 ppp / cores  <BR>Res. de Digitalização: Até 1200 ppp  <BR>Cor: Preto  <BR>Garantia: 2 anos<BR>-","Velocidade de Impressão:9,5 ppm / P&B<BR>6,8 ppm / Cores <br>Conectividade:Wi-Fi<BR>USB 2.0 <br>Tipo de Equipamento:Jacto de tinta térmico <br>Memória:64 MB <br>Capacidade da Bandeja:100 folhas<br>Compatibilidade:Windows <br>Res. de Impressão:Até 1200 x 1200 ppp / preto<BR>Até 4800 x 1200 ppp / cores <br>Res. de Digitalização:Até 1200 ppp <br>Cor:Preto <br>Características:LCD monocromático de alta resolução de 5,5 cm<BR>Impressão, cópia, digitalização e fax<BR>Sensor automático de papel<BR>Memória do fax até 99 páginas<BR>2 tinteiros<BR>Certificado ENERGY STAR <br>Garantia:2 anos<br>",,,Não,
19536512,"RATO HP ÓTICO S/F X3000V -N4G65AA",351,HP,5,INFORMÁTICA,590,ACESSÓRIOS,5900592,"RATOS                                             ","14,99","14,99","9,42",não,não,não,não,N4G65AA,"0725184015052 ","0,116","0,474",115,75,55,"http://services.sorefoz.pt/redes/imgredes2.aspx?IMG=19536512 ","Conectividade: Wireless  <BR>Cor: Vermelho / Preto  <BR>Garantia: 2 anos<BR>-","Conectividade:Wireless <br>Cor:Vermelho / Preto <br>Características:Ligação de fios: 2.4 GHz<BR>O sensor ótico funciona na maioria das superfícies<BR>Vida da bateria: 12 meses<BR>Design fino e moderno com características duradouras e avançadas <br>Garantia:2 anos<br>",,,Sim,
19536516,"IMPRESS HP MONO LASERJETPRO -M12a",351,HP,5,INFORMÁTICA,520,IMPRESSORAS,5200522,"LASER                                             ","84,99","84,99","66,94",não,não,não,sim,T0L45A,"0889894897718 ","6,31","29,5",295,400,250,"http://services.sorefoz.pt/redes/imgredes2.aspx?IMG=19536516 ","Velocidade de Impressão: 18 ppm / P&B  <BR>Conectividade: USB  <BR>Tipo de Equipamento: LaserJet Pro  <BR>Memória: 8 MB  <BR>Capacidade da Bandeja: 150 folhas<BR>Compatibilidade: Windows, Mac  <BR>Res. de Impressão: Até 600 x 600 ppp / preto  <BR>Toner: CF279A-Toner HP LaserJet Original 79A  <BR>Cor: Branco  <BR>Garantia: 2 anos<BR>-","Velocidade de Impressão:18 ppm / P&B <br>Conectividade:USB <br>Tipo de Equipamento:LaserJet Pro <br>Memória:8 MB <br>Capacidade da Bandeja:150 folhas<br>Compatibilidade:Windows, Mac <br>Res. de Impressão:Até 600 x 600 ppp / preto <br>Toner:CF279A-Toner HP LaserJet Original 79A <br>Cor:Branco <br>Características:Painel de controlo com 2 LED´s<BR>Impressão frente e verso manual<BR>Tecnologia HP Auto-On / Auto-Off<BR>Tecnologia Instant-on <br>Garantia:2 anos<br>",,,Não,
19536517,"IMPRESS HP MONO LASERJETPRO -M12w",351,HP,5,INFORMÁTICA,520,IMPRESSORAS,5200522,"LASER                                             ","94,99","94,99","74,81",não,não,não,sim,T0L46A,"0889894897800 ","6,3","27,84",290,400,240,"http://services.sorefoz.pt/redes/imgredes2.aspx?IMG=19536517 ","Velocidade de Impressão: 18 ppm / P&B  <BR>Conectividade: USB<BR>Wi-Fi  <BR>Tipo de Equipamento: LaserJet Pro  <BR>Memória: 8 MB  <BR>Capacidade da Bandeja: 150 folhas<BR>Compatibilidade: Windows, Mac  <BR>Res. de Impressão: Até 600 x 600 ppp / preto  <BR>Toner: CF279A-Toner HP LaserJet Original 79A  <BR>Cor: Branco  <BR>Garantia: 2 anos<BR>-","Velocidade de Impressão:18 ppm / P&B <br>Conectividade:USB<BR>Wi-Fi <br>Tipo de Equipamento:LaserJet Pro <br>Memória:8 MB <br>Capacidade da Bandeja:150 folhas<br>Compatibilidade:Windows, Mac <br>Res. de Impressão:Até 600 x 600 ppp / preto <br>Toner:CF279A-Toner HP LaserJet Original 79A <br>Cor:Branco <br>Características:Painel de controlo com 3 LED´s<BR>Impressão frente e verso manual<BR>Tecnologia HP Auto-On / Auto-Off<BR>Tecnologia Instant-on <br>Garantia:2 anos<br>",,,Não,
