Codigo,Nome,CodCurto,PVPBase,PesoBrt,Marca,Familia,NomeXtra,GAMA,Familia,subfamilia,stock
GML9900,Filtros para Aspirador Grundig VCF 76,GML9900,"15,00","0,14499999582768",GRUNDIG,190,,ACESSÓRIOS E BATERIAS,ACESSÓRIOS E BATERIAS,ACESSÓRIOS,sim
VRK000,Óculos Grundig AS 3D G,VRK000,"165,00",1,GRUNDIG,295,Óculos activos 3D,ACESSÓRIOS E BATERIAS,ACESSÓRIOS E BATERIAS,ACESSÓRIOS,sim
275075060311,Power Bank Hisense 4400MAH PP520,60311,"19,00","0,05",HISENSE,295,,ACESSÓRIOS E BATERIAS,ACESSÓRIOS E BATERIAS,ACESSÓRIOS,sim
350070048930,Anti-Calcário para Ferro Beko 9178007791,48930,"9,50","0,5",BEKO,800,,ACESSÓRIOS E BATERIAS,ACESSÓRIOS E BATERIAS,ACESSÓRIOS,sim
350070048920,Cesto / Acessório p/Maq. Secar Beko 2963040100,48920,"21,50","0,5",BEKO,800,,ACESSÓRIOS E BATERIAS,ACESSÓRIOS E BATERIAS,ACESSÓRIOS,sim
350070048926,Filtro Carbono Exaustor Beko (2 Pc) (CTB6250X/6407X) 9197059543,48926,"27,00","0,5",BEKO,800,,ACESSÓRIOS E BATERIAS,ACESSÓRIOS E BATERIAS,ACESSÓRIOS,sim
350070048915,Filtro Carbono Exaustor Beko (CFB6433/9433X) 9188065345,48915,"17,50","0,5",BEKO,800,,ACESSÓRIOS E BATERIAS,ACESSÓRIOS E BATERIAS,ACESSÓRIOS,sim
350070048927,Filtro Carbono Exaustor Beko (CFB6433X/9433X) 9197060193,48927,"16,00","0,5",BEKO,800,,ACESSÓRIOS E BATERIAS,ACESSÓRIOS E BATERIAS,ACESSÓRIOS,sim
350070048918,Filtro Carbono Exaustor Beko (CTB6407/9407X) 9188065385,48918,"12,00","0,5",BEKO,800,,ACESSÓRIOS E BATERIAS,ACESSÓRIOS E BATERIAS,ACESSÓRIOS,sim
350070048913,Filtro Carbono Exaustor Beko (CWB6441/7441/9441X) 9188065503,48913,"15,30","0,3",BEKO,800,,ACESSÓRIOS E BATERIAS,ACESSÓRIOS E BATERIAS,ACESSÓRIOS,sim
350070048914,Filtro Carbono Exaustor Beko (CWB9500/9600/9710X) 9188457010,48914,"15,30","0,3",BEKO,800,,ACESSÓRIOS E BATERIAS,ACESSÓRIOS E BATERIAS,ACESSÓRIOS,sim
350070048924,Filtro Carbono Exaustor Beko (CWB9510/CWB6510/DIC/DKC) 9188065319,48924,"33,00","0,5",BEKO,800,,ACESSÓRIOS E BATERIAS,ACESSÓRIOS E BATERIAS,ACESSÓRIOS,sim
350070048923,Filtro Carbono Exaustor Beko (HCB91731BX/6511BX) 165730006,48923,"19,00","0,5",BEKO,800,,ACESSÓRIOS E BATERIAS,ACESSÓRIOS E BATERIAS,ACESSÓRIOS,sim
350070048916,Grelha Frigorifico p/Garrafas (55cm) BEKO 4238470100,48916,"6,50",1,BEKO,800,,ACESSÓRIOS E BATERIAS,ACESSÓRIOS E BATERIAS,ACESSÓRIOS,sim
350070048919,Grelha Frigorifico p/Garrafas (70cm) BEKO 4803240100,48919,"6,50",1,BEKO,800,,ACESSÓRIOS E BATERIAS,ACESSÓRIOS E BATERIAS,ACESSÓRIOS,sim
350070048929,Kit Ligação Frigorifico+Arca Vertical BEKO 4908090200,48929,"99,00","0,5",BEKO,800,,ACESSÓRIOS E BATERIAS,ACESSÓRIOS E BATERIAS,ACESSÓRIOS,sim
350070048909,Saco Microfibra Aspirador Beko (BKS2123) 9193042288,48909,"3,90","0,2",BEKO,800,,ACESSÓRIOS E BATERIAS,ACESSÓRIOS E BATERIAS,ACESSÓRIOS,sim
350070048907,Saco Microfibra Aspirador Beko (VCC5325AR) 9178010701,48907,"2,70","0,2",BEKO,800,,ACESSÓRIOS E BATERIAS,ACESSÓRIOS E BATERIAS,ACESSÓRIOS,sim
350070048908,Saco Microfibra Aspirador Beko VCC61602AD 9178008766,48908,"1,65","0,2",BEKO,800,,ACESSÓRIOS E BATERIAS,ACESSÓRIOS E BATERIAS,ACESSÓRIOS,sim
GLR4900,Hi-Fi Lifestyle Grundig Ovation 3 CDS 8120 ENC,GLR4900,"380,00","5,0999999046326",GRUNDIG,215,,IMAGEM E SOM,EQUIPAMENTOS AUDIO,APARELHAGENS MICROS,sim
350031048330,Batedeira Beko HMM 7350 X,48330,"51,90","1,525",BEKO,190,"350 W | 3 velocidades + turbo | Função ""eject"" integrada",PEQUENOS DOMÉSTICOS,APARELHOS DE COZINHA,BATEDEIRAS,sim
350029048332,Liquidificadora Beko TBN 7802 X,48332,"97,90","4,2",BEKO,190,800 W | 4 niveis de velocidade | Copo vidro 1.5 L,PEQUENOS DOMÉSTICOS,APARELHOS DE COZINHA,LIQUIDIFICADORAS,sim
350031048317,Picadora Beko CHG 7402 X,48317,"57,90","2,325",BEKO,190,"Picadora de alimentos, 400 W, capacidade de 1lt com tampa separada, lâmina inox, Inox/Preto.",PEQUENOS DOMÉSTICOS,APARELHOS DE COZINHA,MAQUINAS DE COZINHA,sim
350031048316,Varinha Magica Beko HBS 6700 W,48316,"49,90","1,4333",BEKO,190,6000 W | 4 laminas inox | Função turbo | Pé metalico,PEQUENOS DOMÉSTICOS,APARELHOS DE COZINHA,VARINHAS MAGICAS,sim
350031048315,Varinha Magica Beko HBS 7750 X,48315,"55,90","1,3333",BEKO,190,750 W | 4 laminas inox | Laminas alto-rendimento | Pé metalico,PEQUENOS DOMÉSTICOS,APARELHOS DE COZINHA,VARINHAS MAGICAS,sim
350060048331,Espremedor Citrinos Beko CJB 6100 W,48331,"51,90","2,3333",BEKO,190,"Espremedos de Citrinos, 100 W, aço escovado inox/preto.",PEQUENOS DOMÉSTICOS,APARELHOS DE COZINHA,ESPREMEDORES,sim
350001048351,Aspirador Beko VCC 5325 AR,48351,"122,50","9,5",BEKO,190,800 W | Saco pano | Tubo Metálico,PEQUENOS DOMÉSTICOS,APARELHOS DE LIMPEZA,ASPIRADOR SEM SACO,sim
350001048350,Aspirador Beko VCC 61602 AD,48350,"170,00","9,5",BEKO,190,800 W | Saco pano | Tubo Metálico,PEQUENOS DOMÉSTICOS,APARELHOS DE LIMPEZA,ASPIRADOR SEM SACO,sim
350001048354,Aspirador Beko VCM 71602 AD,48354,"170,00","9,5",BEKO,190,800 W | Sem saco | Tubo Metálico,PEQUENOS DOMÉSTICOS,APARELHOS DE LIMPEZA,ASPIRADOR SEM SACO,sim
350001048352,Aspirador Beko VCO 42701 AB,48352,"103,00","9,5",BEKO,190,800 W | Sem saco | Tubo Metálico,PEQUENOS DOMÉSTICOS,APARELHOS DE LIMPEZA,ASPIRADOR SEM SACO,sim
350001048353,Aspirador Beko VCO 62602 AB,48353,"149,50","9,5",BEKO,190,800 W | Sem saco | Tubo Metálico,PEQUENOS DOMÉSTICOS,APARELHOS DE LIMPEZA,ASPIRADOR SEM SACO,sim
350065069201,Unidade Exterior Beko BEVCA 091,69201,"0,00",0,BEKO,105,,CLIMATIZAÇÃO,AR CONDICIONADO,AR COND.MULTI-SPLIT,sim
350065069204,Unidade Exterior Beko BEVCA 121,69204,"0,00",0,BEKO,105,,CLIMATIZAÇÃO,AR CONDICIONADO,AR COND.MULTI-SPLIT,sim
350065069206,Unidade Exterior Beko BEVCA 181,69206,"0,00",0,BEKO,105,,CLIMATIZAÇÃO,AR CONDICIONADO,AR COND.MULTI-SPLIT,sim
375065069517,Unidade Exterior Hisense AS-09UR4SVPSC5W,69517,"0,00",30,HISENSE,105,,CLIMATIZAÇÃO,AR CONDICIONADO,AR COND.MULTI-SPLIT,sim
375065069521,Unidade Exterior Hisense AST-09UW4SVE10,69521,"331,00",30,HISENSE,105,,CLIMATIZAÇÃO,AR CONDICIONADO,AR COND.MULTI-SPLIT,sim
375065069535,Unidade Exterior Hisense AUW-18U4SZ1,69535,"0,00",59,HISENSE,105,,CLIMATIZAÇÃO,AR CONDICIONADO,AR COND.MULTI-SPLIT,sim
375065069529,Unidade Exterior Hisense AUW-24U4SA1,69529,"0,00",59,HISENSE,105,,CLIMATIZAÇÃO,AR CONDICIONADO,AR COND.MULTI-SPLIT,não
350065069200,Unidade Interior Beko BEVCA 090,69200,"0,00",0,BEKO,105,,CLIMATIZAÇÃO,AR CONDICIONADO,AR COND.MULTI-SPLIT,sim
350065069203,Unidade Interior Beko BEVCA 120,69203,"0,00",0,BEKO,105,,CLIMATIZAÇÃO,AR CONDICIONADO,AR COND.MULTI-SPLIT,sim
350065069205,Unidade Interior Beko BEVCA 180,69205,"0,00",0,BEKO,105,,CLIMATIZAÇÃO,AR CONDICIONADO,AR COND.MULTI-SPLIT,sim
375065069545,Unidade Interior Hisense AMV-12UX4SA,69545,"0,00",24,HISENSE,105,,CLIMATIZAÇÃO,AR CONDICIONADO,AR COND.MULTI-SPLIT,sim
375065069516,Unidade Interior Hisense AS-09UR4SVPSC5G,69516,"128,00",10,HISENSE,105,,CLIMATIZAÇÃO,AR CONDICIONADO,AR COND.MULTI-SPLIT,sim
375065069520,Unidade Interior Hisense AST-09UW4STG10,69520,"164,00",11,HISENSE,105,,CLIMATIZAÇÃO,AR CONDICIONADO,AR COND.MULTI-SPLIT,sim
375065069526,Unidade Interior Hisense AST-24UW4STG10,69526,"0,00",16,HISENSE,105,,CLIMATIZAÇÃO,AR CONDICIONADO,AR COND.MULTI-SPLIT,não
375065069542,Unidade Interior Hisense AUV-24UR4SAA1,69542,"0,00",59,HISENSE,105,,CLIMATIZAÇÃO,AR CONDICIONADO,AR COND.MULTI-SPLIT,não
375065060551,Ar Condicionado Hisense Multi (Unid.Ext.) AMW4-36U4SAD1,60551,"1 368,00",77,HISENSE,105,,CLIMATIZAÇÃO,AR CONDICIONADO,AR COND.MULTI-SPLIT,sim
GMM2400,Alisador Cabelo Grundig HS 3830,GMM2400,"19,20","0,576",GRUNDIG,190,,PEQUENOS DOMÉSTICOS,ASSEIO PESSOAL,APARADORES,sim
GML8200,Alisador Cabelo Grundig HS 8730,GML8200,"41,50","0,708",GRUNDIG,190,,PEQUENOS DOMÉSTICOS,ASSEIO PESSOAL,APARADORES,sim
GMN3560,Aparador Cabelo Grundig MC 3320,GMN3560,"21,99","0,889",GRUNDIG,190,,PEQUENOS DOMÉSTICOS,ASSEIO PESSOAL,APARADORES,sim
GMN3660,Aparador Cabelo Grundig MC 3340,GMN3660,"27,99","0,889",GRUNDIG,190,,PEQUENOS DOMÉSTICOS,ASSEIO PESSOAL,APARADORES,sim
GML7900,Aparador Cabelo Grundig MC 7740,GML7900,"37,00","0,88899999856949",GRUNDIG,190,,PEQUENOS DOMÉSTICOS,ASSEIO PESSOAL,APARADORES,sim
GML2600,Aparador Multi-funções Grundig MT 1610,GML2600,"12,00","0,69999998807907",GRUNDIG,190,,PEQUENOS DOMÉSTICOS,ASSEIO PESSOAL,APARADORES,não
GMK1200,Balança Grundig PS 2010,GMK1200,"0,00",3,GRUNDIG,190,,PEQUENOS DOMÉSTICOS,ASSEIO PESSOAL,BALANÇAS DE W.C.,sim
GMK1210,Balança Grundig PS 4110,GMK1210,"0,00",3,GRUNDIG,190,,PEQUENOS DOMÉSTICOS,ASSEIO PESSOAL,BALANÇAS DE W.C.,sim
GMM0800,Balança Grundig PS 8710,GMM0800,"77,00",3,GRUNDIG,190,,PEQUENOS DOMÉSTICOS,ASSEIO PESSOAL,BALANÇAS DE W.C.,sim
GMM9900,Depiladora Grundig LE 7940,GMM9900,"47,90","0,81",GRUNDIG,190,,PEQUENOS DOMÉSTICOS,ASSEIO PESSOAL,DEPILADORAS,sim
GMK5400,Modelador Cabelo Grundig HS 6580,GMK5400,"29,90","0,797",GRUNDIG,190,,PEQUENOS DOMÉSTICOS,ASSEIO PESSOAL,MODELADORES,sim
GML7700,Secador Cabelo Grundig HD 3700,GML7700,"16,50","0,638",GRUNDIG,190,,PEQUENOS DOMÉSTICOS,ASSEIO PESSOAL,SECADORES DE CABELO,sim
GMN0400,Secador Cabelo Grundig HD 6080,GMN0400,"25,99","0,455",GRUNDIG,190,,PEQUENOS DOMÉSTICOS,ASSEIO PESSOAL,SECADORES DE CABELO,sim
GMM8210,Secador Cabelo Grundig HD 6862,GMM8210,"29,99","0,455",GRUNDIG,190,,PEQUENOS DOMÉSTICOS,ASSEIO PESSOAL,SECADORES DE CABELO,não
GMN3460,Secador Cabelo Grundig HD 9280,GMN3460,"45,99","0,455",GRUNDIG,190,,PEQUENOS DOMÉSTICOS,ASSEIO PESSOAL,SECADORES DE CABELO,sim
GMM8600,Escova Dentes SONIC Grundig TB 7930,GMM8600,"34,70","0,78",GRUNDIG,190,,PEQUENOS DOMÉSTICOS,ASSEIO PESSOAL,ESCOVAS DE DENTES,sim
GMM4200,Manicure/Pedicure Grundig MA 5820,GMM4200,"29,90","0,55",GRUNDIG,190,,PEQUENOS DOMÉSTICOS,ASSEIO PESSOAL,PEDICURE/MANICURE,sim
GMM0600,Massajador Pés Grundig FM 8720,GMM0600,"65,00","5,5050001144409",GRUNDIG,190,,PEQUENOS DOMÉSTICOS,ASSEIO PESSOAL,MASSAJADORES,sim
GKL0320,Rádio Relógio Grundig SonoClock 230 USB White,GKL0320,"80,00","0,5",GRUNDIG,230,Rádio Relógio Despertador. Rádio FM RDS recepção. Sintetizador de frequências PLL. Micro SD card Slot. Porta USB. 3 estações pre definidas. Alimentação 230V e bateria de segurança 2 x 1.5 V. Diametro: 10.8 cm.  Cor: Branco/Laranja.,IMAGEM E SOM,AUDIO PORTATIL,RADIO RELOGIO,sim
GKR2600,Rádio Relógio Grundig SonoClock 490,GKR2600,"35,00","0,8",GRUNDIG,230,"Rádio Relógio Despertador. 2 Alarmes, por rádio ou sinal sonoro. Rádio FM/AM. Control automático de frequência (AFC). Alimentação 230V e bateria de segurança. Display cor âmbar. Medidas: 20 x 12 x 5.5 cm.  Cor: Prata/Titane",IMAGEM E SOM,AUDIO PORTATIL,RADIO RELOGIO,sim
GKR2800,Rádio Relógio Grundig SonoClock 590,GKR2800,"33,00","0,8",GRUNDIG,230,"Rádio Relógio Despertador. 2 Alarmes, por rádio ou sinal sonoro. Rádio FM/AM. Control automático de frequência (AFC). Alimentação 230V e bateria de segurança. Display cor âmbar. Medidas: 11 x 11 x 11 cm.  Cor: Prata/Titane",IMAGEM E SOM,AUDIO PORTATIL,RADIO RELOGIO,sim
GKR1600,Rádio Relógio Grundig SonoClock 660,GKR1600,"41,00","0,9",GRUNDIG,230,,IMAGEM E SOM,AUDIO PORTATIL,RADIO RELOGIO,sim
GKR3140,Rádio Relógio Grundig SonoClock KSC 35 Branco,GKR3140,"16,50","0,76",GRUNDIG,230,"Rádio Relógio Despertador. 1 Alarme por rádio ou sinal sonoro. Snooze 9 min. Indicador de alarme. Rádio FM/AM. Alimentação 230V e bateria de segurança. LED cor verde. Medidas: 18,5 x 4,5 x 13,0 cm. Cor: Negro.",IMAGEM E SOM,AUDIO PORTATIL,RADIO RELOGIO,sim
GKR3130,Rádio Relógio Grundig SonoClock KSC 35 Preto,GKR3130,"16,50","0,76",GRUNDIG,230,"Rádio Relógio Despertador. 1 Alarme por rádio ou sinal sonoro. Snooze 9 min. Indicador de alarme. Rádio FM/AM. Alimentação 230V e bateria de segurança. LED cor verde. Medidas: 18,5 x 4,5 x 13,0 cm. Cor: Negro.",IMAGEM E SOM,AUDIO PORTATIL,RADIO RELOGIO,não
GKR2310,Rádio Relógio Grundig SonoClock SC 600,GKR2310,"17,00","0,79",GRUNDIG,230,"Rádio Relógio Despertador. 1 Alarme por rádio ou sinal sonoro. Snooze 9 min. Indicador de alarme. Rádio FM/AM. Alimentação 230V e bateria de segurança. LED cor verde. Medidas: 18,5 x 4,5 x 13,0 cm. Cor: Prata/Titane",IMAGEM E SOM,AUDIO PORTATIL,RADIO RELOGIO,sim
GDP6300,Rádio CD/MP3 Grundig RCD 1445 USB,GDP6300,"72,00","2,4",GRUNDIG,235,"Rádio CD Mp3. Sintonizador PLL FM/AM . Potencia: 12W PMPO. 10+10 memorias. Ligações: USB 2.0, auriculares. Display LCD. Alimentação 230V ou por Pilhas. Dimensões: 24,5x14x24,5 cm. Cor: Cinza/Preto",IMAGEM E SOM,AUDIO PORTATIL,RADIOS C/CD,sim
GDP6350,Rádio CD/MP3 Grundig RCD 1445 USB Aqua/Silver,GDP6350,"72,00","2,4",GRUNDIG,235,"Rádio CD Mp3. Sintonizador PLL FM/AM . Potencia: 12W PMPO. 10+10 memorias. Ligações: USB 2.0, auriculares. Display LCD. Alimentação 230V ou por Pilhas. Dimensões: 24,5x14x24,5 cm.",IMAGEM E SOM,AUDIO PORTATIL,RADIOS C/CD,sim
GDP6320,Rádio CD/MP3 Grundig RCD 1445 USB Blue/Silver,GDP6320,"72,00","2,4",GRUNDIG,235,"Rádio CD Mp3. Sintonizador PLL FM/AM . Potencia: 12W PMPO. 10+10 memorias. Ligações: USB 2.0, auriculares. Display LCD. Alimentação 230V ou por Pilhas. Dimensões: 24,5x14x24,5 cm.",IMAGEM E SOM,AUDIO PORTATIL,RADIOS C/CD,sim
GDP6310,Rádio CD/MP3 Grundig RCD 1445 USB Pink/Silver,GDP6310,"72,00","2,4",GRUNDIG,235,"Rádio CD Mp3. Sintonizador PLL FM/AM . Potencia: 12W PMPO. 10+10 memorias. Ligações: USB 2.0, auriculares. Display LCD. Alimentação 230V ou por Pilhas. Dimensões: 24,5x14x24,5 cm.",IMAGEM E SOM,AUDIO PORTATIL,RADIOS C/CD,sim
GDP6330,Rádio CD/MP3 Grundig RCD 1445 USB Silver,GDP6330,"72,00","2,4",GRUNDIG,235,"Rádio CD Mp3. Sintonizador PLL FM/AM . Potencia: 12W PMPO. 10+10 memorias. Ligações: USB 2.0, auriculares. Display LCD. Alimentação 230V ou por Pilhas. Dimensões: 24,5x14x24,5 cm. Cor: Cinza/Preto",IMAGEM E SOM,AUDIO PORTATIL,RADIOS C/CD,sim
GRN0290,Rádio Portátil Grundig City Boy 31/ PR 3201 chrome,GRN0290,"13,00","0,22",GRUNDIG,235,"Rádio Portátil. Sintonizador analógico. FM/AM. Altifalante integrado.  Ligação auriculares. AFC. Antena telescópica. Auriculares estéreo incluídos. Baterias 2 x AA. Peso 170 g. Medidas: aprox. 7,2 x 12,3 x 3,4 cm. Cor: Cromado.",IMAGEM E SOM,AUDIO PORTATIL,RADIOS PORTATEIS,não
GRR1991,Rádio Portátil Grundig Micro 61 / silver/grey,GRR1991,"18,00","0,14",GRUNDIG,235,"Rádio Portátil. Sintonizador analógico. FM/AM.  Ligação auriculares. Antena. Ultra Bass system.  Baterias 1 x AAA. Auriculares estéreo incluídos. Acessório para cinto. Medidas aprox. 5,9 x 9,0 x 2,8 cm.",IMAGEM E SOM,AUDIO PORTATIL,RADIOS PORTATEIS,sim
GRR2090,Rádio Portátil Grundig Mini Boy 62 / como/silver,GRR2090,"28,00","0,169",GRUNDIG,235,"Mini Rádio Portátil. Sintonizador PLL, FM. Altifalante integrado.  Ligação auriculares. Antena telescópica.  10 memorias rádio. Ultra Bass System. Peso aprox. 90 gr. Baterias 1 x AAA.. Medidas: 6,1x10,5x2,8 cm.",IMAGEM E SOM,AUDIO PORTATIL,RADIOS PORTATEIS,sim
GRN1550,Rádio Portátil Grundig Music 60 Brown,GRN1550,"45,00",1,GRUNDIG,235,"Rádio mesa. Sintonizador analógico. FM mono/AM/OL. Altifalante integrado . Entrada para Headphone.  Antena telescópica. Funcionamento a 230V e a pilhas  4 x LR14. Medidas: 24,7x12,7x6,2 cm. Cor: Castanho",IMAGEM E SOM,AUDIO PORTATIL,RADIOS PORTATEIS,sim
GRN1500,Rádio Portátil Grundig Music 60 Grey,GRN1500,"45,00",1,GRUNDIG,235,"Rádio mesa. Sintonizador analógico. FM mono/AM/OL. Altifalante integrado . Entrada para Headphone.  Antena telescópica. Funcionamento a 230V e a pilhas  4 x LR14. Medidas: 24,7x12,7x6,2 cm. Cor: Cinzento",IMAGEM E SOM,AUDIO PORTATIL,RADIOS PORTATEIS,sim
GRN1540,Rádio Portátil Grundig Music 60 Red,GRN1540,"45,00",1,GRUNDIG,235,"Rádio mesa. Sintonizador analógico. FM mono/AM/OL. Altifalante integrado . Entrada para Headphone.  Antena telescópica. Funcionamento a 230V e a pilhas  4 x LR14. Medidas: 24,7x12,7x6,2 cm. Cor: Branco",IMAGEM E SOM,AUDIO PORTATIL,RADIOS PORTATEIS,sim
GRN1510,Rádio Portátil Grundig Music 60 Silver,GRN1510,"45,00",1,GRUNDIG,235,"Rádio mesa. Sintonizador analógico. FM mono/AM/OL. Altifalante integrado . Entrada para Headphone.  Antena telescópica. Funcionamento a 230V e a pilhas  4 x LR14. Medidas: 24,7x12,7x6,2 cm. Cor: Silver.",IMAGEM E SOM,AUDIO PORTATIL,RADIOS PORTATEIS,sim
GRN1520,Rádio Portátil Grundig Music 60 White,GRN1520,"45,00",1,GRUNDIG,235,"Rádio mesa. Sintonizador analógico. FM mono/AM/OL. Altifalante integrado . Entrada para Headphone.  Antena telescópica. Funcionamento a 230V e a pilhas  4 x LR14. Medidas: 24,7x12,7x6,2 cm. Cor: Branco",IMAGEM E SOM,AUDIO PORTATIL,RADIOS PORTATEIS,sim
GRN1410,Rádio Portátil Grundig Music 61 Black,GRN1410,"50,00",1,GRUNDIG,235,"Rádio mesa. Sintonizador analógico. FM mono/AM/OL. Altifalante integrado . Entrada para Headphone.  Antena telescópica. Funcionamento a 230V e a pilhas  4 x LR14. Medidas: 24,7x12,7x6,2 cm. Cor: Branco",IMAGEM E SOM,AUDIO PORTATIL,RADIOS PORTATEIS,sim
GRN1400,Rádio Portátil Grundig Music 61 White,GRN1400,"50,00",1,GRUNDIG,235,"Rádio mesa. Sintonizador analógico. FM mono/AM/OL. Altifalante integrado . Entrada para Headphone.  Antena telescópica. Funcionamento a 230V e a pilhas  4 x LR14. Medidas: 24,7x12,7x6,2 cm. Cor: Branco",IMAGEM E SOM,AUDIO PORTATIL,RADIOS PORTATEIS,sim
GRR2740,Rádio Portátil Grundig TR 1200 Oak,GRR2740,"150,00","2,6",GRUNDIG,235,"Rádio mesa c/look retro. Controlador de ajuste de precisão. Recepção FM. Colunas baixo reflexo . Ligação auriculares. Habitação de madeira c/folheado de madeira de alta qualidade. AUX input.  Antena telescópica. Funcionamento a 230V. Medidas: 24,3x13,5x16 cm.",IMAGEM E SOM,AUDIO PORTATIL,RADIOS PORTATEIS,sim
375004367190,Arca Horizontal Hisense FT-130D4AW1,67190,"187,00",26,HISENSE,120,98 L / 98 L | Classe A+ | 837 x 563 x 519 mm (A x L x P),GRANDES DOMÉSTICOS,CONGELADORES,HORIZONTAIS,não
375004367192,Arca Horizontal Hisense FT-267D4AW1,67192,"259,00",37,HISENSE,120,205 L / 205 L | Classe A+ | 825 x 946 x 567 mm (A x L x P),GRANDES DOMÉSTICOS,CONGELADORES,HORIZONTAIS,não
375004367193,Arca Horizontal Hisense FT-325D4AW1,67193,"305,00",41,HISENSE,120,250 L / 250 L | Classe A+ | 832 x 1115 x 607 mm (A x L x P),GRANDES DOMÉSTICOS,CONGELADORES,HORIZONTAIS,não
375004367185,Arca Horizontal Hisense FT-403D4AW1,67185,"325,00",50,HISENSE,120,306 L / 306 L | Classe A+ | 830 x 1125 x 675 mm (A x L x P),GRANDES DOMÉSTICOS,CONGELADORES,HORIZONTAIS,não
350004046281,Congelador Horizontal Beko HS 210520,46281,"226,00",33,BEKO,120,Horizontal | 107 L / 104 L | Classe A+ (181 Kwh/ano) | 860 x 537 x 610 mm ( A x L x P ),GRANDES DOMÉSTICOS,CONGELADORES,HORIZONTAIS,sim
350004046370,Congelador Horizontal Beko HS 221520,46370,"243,00",40,BEKO,120,205 L / 187 L | Classe A+ | 912 x 751 x 725 (A x L x P),GRANDES DOMÉSTICOS,CONGELADORES,HORIZONTAIS,sim
350004046299,Congelador Horizontal Beko HS 222540,46299,"445,00",55,BEKO,120,277 L / 220 L | Classe A+++ | 860 x 1285 x 725 (A x L x P),GRANDES DOMÉSTICOS,CONGELADORES,HORIZONTAIS,sim
350004046287,Congelador Horizontal Beko HSA 29530,46287,"463,00",55,BEKO,120,288 L / 284 L | Classe A++ | 860 x 1285 x 725 mm (A x L x P),GRANDES DOMÉSTICOS,CONGELADORES,HORIZONTAIS,sim
350004046283,Congelador Horizontal Beko HSA 32520,46283,"357,00",49,BEKO,120,310 L / 298 L | Classe A+ | 860 x 1101 x 725 (A x L x P),GRANDES DOMÉSTICOS,CONGELADORES,HORIZONTAIS,sim
350004046135,Congelador Horizontal Beko HSA 32540 GD,46135,"452,00",43,BEKO,120,300 L | Classe B | 860 x 1100 x 725 (A x L x P) | Glass Door,GRANDES DOMÉSTICOS,CONGELADORES,HORIZONTAIS,sim
350004046289,Congelador Horizontal Beko HSA 37530,46289,"523,00",56,BEKO,120,369 L / 350 L | Classe A++ | 860 x 1552 x 725 mm (A x L x P),GRANDES DOMÉSTICOS,CONGELADORES,HORIZONTAIS,sim
350004046286,Congelador Horizontal Beko HSA 40520,46286,"393,00",55,BEKO,120,374 L / 360 L| Classe A+ | 860 x 1285 x 725 mm (A x L x P),GRANDES DOMÉSTICOS,CONGELADORES,HORIZONTAIS,sim
350004046288,Congelador Horizontal Beko HSA 47520,46288,"471,00",56,BEKO,120,467 L / 451 L | Classe A+ | 860 x 1552 x 725 mm (A x L x P),GRANDES DOMÉSTICOS,CONGELADORES,HORIZONTAIS,sim
350013046495,Congelador Vert.  Beko RFNE 200E20 W,46495,"397,00",47,BEKO,120,No Frost | 190 L / 157 L | 5 Gavetas | Classe A+ | 1456 x 540 x 595 mm (A x L x P),GRANDES DOMÉSTICOS,CONGELADORES,VERTICAIS,sim
350013046310,Congelador Vert.  Beko RFNE 270K21 W,46310,"423,00",56,BEKO,120,No Frost | 270 L / 214 L | 6 Gavetas | Classe A+ | 1510 x 595 x 650 mm (A x L x P),GRANDES DOMÉSTICOS,CONGELADORES,VERTICAIS,sim
350013046311,Congelador Vert.  Beko RFNE 290L21 W,46311,"480,00",62,BEKO,120,No Frost | 290 L / 250 L | 7 Gavetas | Classe A+ | 1710 x 595 x 650 mm (A x L x P),GRANDES DOMÉSTICOS,CONGELADORES,VERTICAIS,sim
350013046780,Congelador Vert.  Beko RFNE 290L21 X,46780,"544,00","74,5",BEKO,120,No Frost | 290 L / 250 L | 7 Gavetas | Classe A+ | 1710 x 595 x 650 mm (A x L x P),GRANDES DOMÉSTICOS,CONGELADORES,VERTICAIS,sim
350013046781,Congelador Vert.  Beko RFNE 312E33 W,46781,"669,00",62,BEKO,120,No Frost | 312 L / 275 L | 8 Gavetas | Classe A++ | 1845 x 595 x 650 mm (A x L x P),GRANDES DOMÉSTICOS,CONGELADORES,VERTICAIS,sim
350013046786,Congelador Vert.  Beko RFNE 312E33 X,46786,"728,00",62,BEKO,120,No Frost |Inox | 312 L / 275 L | 8 Gavetas | Classe A++ | 1845 x 595 x 650 mm (A x L x P),GRANDES DOMÉSTICOS,CONGELADORES,VERTICAIS,sim
350013046312,Congelador Vert.  Beko RFNE 312K21 W,46312,"522,00",62,BEKO,120,No Frost | 312 L / 272 L | 8 Gavetas | Classe A+ | 1845 x 595 x 650 mm (A x L x P),GRANDES DOMÉSTICOS,CONGELADORES,VERTICAIS,sim
350013046314,Congelador Vert.  Beko RFNE 312K21 X,46314,"560,00",62,BEKO,120,No Frost | 312 L / 272 L | 8 Gavetas | Classe A+ | 1845 x 595 x 650 mm (A x L x P),GRANDES DOMÉSTICOS,CONGELADORES,VERTICAIS,sim
350013046193,Congelador Vert. Beko FNE 1072,46193,"295,00",35,BEKO,120,No Frost | 90 L / 75 L | 3 Gavetas | Classe A+ | 840 x 545 x 600 mm (A x L x P),GRANDES DOMÉSTICOS,CONGELADORES,VERTICAIS,sim
350013046192,Congelador Vert. Beko FSE 1072,46192,"238,00",35,BEKO,120,102 L / 90 L | 3 Gavetas | Classe A+ | 850 x 545 x 600 (A x L x P),GRANDES DOMÉSTICOS,CONGELADORES,VERTICAIS,sim
355013059101,Congelador Vert. Grundig GFN 13820,59101,"809,00",92,GRUNDIG,120,No Frost | 312 L / 275 L | 8 Gavetas | Classe A++ | 1845 x 595 x 650 mm (A x L x P),GRANDES DOMÉSTICOS,CONGELADORES,VERTICAIS,sim
375001367159,Arca Vertical Hisense FV306N4AW1,67159,"486,00",86,HISENSE,130,,GRANDES DOMÉSTICOS,CONGELADORES,VERTICAIS,sim
375001367158,Arca Vertical Hisense FV341N4BC2,67158,"575,00",86,HISENSE,130,,GRANDES DOMÉSTICOS,CONGELADORES,VERTICAIS,sim
350014048319,Ferro de Caldeira Beko  SGA 7126 P,48319,"129,00","4,7",BEKO,190,2600 W | 6.0 Bar | Golpe máximo 100 g/m | Depósito 1Lt | Base cerâmica |  Azul,PEQUENOS DOMÉSTICOS,CUIDADO DE ROUPA,FERROS COM CALDEIRA,sim
350014048308,Ferro de engomar Beko  SIM 7124 B,48308,"46,90",2,BEKO,190,2400 W | Golpe máximo 150 g/m | Depósito 350 mg | Base cerâmica |  Azul,PEQUENOS DOMÉSTICOS,CUIDADO DE ROUPA,FERROS A VAPOR,sim
350014048309,Ferro de engomar Beko  SPA 7131 P,48309,"89,90","2,35",BEKO,190,3100 W | Golpe máximo 240 g/m | Depósito 350 mg | Base cerâmica |  Violeta,PEQUENOS DOMÉSTICOS,CUIDADO DE ROUPA,FERROS A VAPOR,sim
350014048314,Ferro de engomar Beko  SPM 7128 P,48314,"0,00","2,425",BEKO,190,3100 W | Golpe máximo 240 g/m | Depósito 350 mg | Base cerâmica |  Violeta,PEQUENOS DOMÉSTICOS,CUIDADO DE ROUPA,FERROS A VAPOR,sim
350019048080,Pack Encast. Forno + Placa Beko BSE 22120 X,48080,"370,00",51,BEKO,115,BIE 22101 X + HIC 63401 T,GRANDES DOMÉSTICOS,ENCASTRE,FORNO + MESA,sim
350019048081,Pack Encast. Forno + Placa Beko BSE 22341 X,48081,"490,00",51,BEKO,115,BIE 22300 X + HII 63400 AT,GRANDES DOMÉSTICOS,ENCASTRE,FORNO + MESA,sim
350076048113,Exaustor Canopy Beko CCB 6487 S,48113,"105,00","5,4",BEKO,115,Canopy 52 cm | Silver | 375 m3/h | 2 motores,GRANDES DOMÉSTICOS,ENCASTRE,EXAUSTORES,sim
350076048117,Exaustor Chaminé Beko CWB 6441 XN,48117,"119,00","11,6",BEKO,115,Exaustor de Chaminé 60 cm | Inox | 390 m3/h | 1 Turbina,GRANDES DOMÉSTICOS,ENCASTRE,EXAUSTORES,sim
350076048123,Exaustor Chaminé Beko CWB 7441 X,48123,"140,00","11,6",BEKO,115,Exaustor de Chaminé 70 cm | Inox | 410 m3/h | 1 Turbina,GRANDES DOMÉSTICOS,ENCASTRE,EXAUSTORES,sim
350076048118,Exaustor Chaminé Beko CWB 9441 XN,48118,"163,00",15,BEKO,115,Exaustor de Chaminé 90 cm | Inox | 390 m3/h | 1 Turbina,GRANDES DOMÉSTICOS,ENCASTRE,EXAUSTORES,sim
350076048127,Exaustor Chaminé Beko HCA 62640 B,48127,"289,00","18,799999",BEKO,115,Exaustor de Chaminé 60 cm | Inox / Preto | 740 m3/h | 1 Turbina,GRANDES DOMÉSTICOS,ENCASTRE,EXAUSTORES,sim
350076048112,Exaustor Chaminé Beko HCB 61731 BX,48112,"176,00","14,6",BEKO,115,Exaustor de Chaminé 60 cm | Inox | 540 m3/h | 1 Turbina,GRANDES DOMÉSTICOS,ENCASTRE,EXAUSTORES,sim
350076048126,Exaustor Chaminé Beko HCB 91731 BX,48126,"198,00","16,2",BEKO,115,Exaustor de Chaminé 90 cm | Inox | 740 m3/h | 1 Turbina,GRANDES DOMÉSTICOS,ENCASTRE,EXAUSTORES,sim
350076048121,Exaustor Chaminé Beko HCB 91734 BX,48121,"439,00","16,2",BEKO,115,Exaustor de Chaminé 90 cm | Inox | 740 m3/h | 1 Turbina,GRANDES DOMÉSTICOS,ENCASTRE,EXAUSTORES,sim
350076048130,Exaustor Ilha Beko HCI 91845 BXH,48130,"729,00",36,BEKO,115,Exaustor de Ilha 90 cm | Inox / Vidro | 700 m3/h | 1 Turbina | Touch Control,GRANDES DOMÉSTICOS,ENCASTRE,EXAUSTORES,sim
350076048122,Exaustor Telescópico Beko CTB 6250 X,48122,"118,00","8,5",BEKO,115,Telescópico 60 cm | Inox | 420 m3/h | 1 Motor,GRANDES DOMÉSTICOS,ENCASTRE,EXAUSTORES,sim
350076048103,Exaustor Telescópico Beko CTB 6406/6407 W,48103,"81,00","8,4",BEKO,115,Telescópico 60 cm | Branco | 375 m3/h | 1 Motor,GRANDES DOMÉSTICOS,ENCASTRE,EXAUSTORES,sim
350076048102,Exaustor Telescópico Beko CTB 6407 X,48102,"90,00","8,4",BEKO,115,Telescópico 60 cm | Inox | 280 m3/h | 1 Motor,GRANDES DOMÉSTICOS,ENCASTRE,EXAUSTORES,sim
350076048114,Exaustor Telescópico Beko CTB 9407 X,48114,"140,00","8,2",BEKO,115,Telescópico 90 cm | Inox | 375 m3/h | 2 Motores,GRANDES DOMÉSTICOS,ENCASTRE,EXAUSTORES,sim
350019048066,Forno Encast. Beko BIC 22000 X,48066,"195,00","31,6",BEKO,115,Forno Convencional (4) | 67.5 lt. | 43 dbA  | Comfort Line,GRANDES DOMÉSTICOS,ENCASTRE,FORNOS,sim
350019048065,Forno Encast. Beko BIE 22101 X,48065,"242,00","33,5",BEKO,115,Forno Multifunções (6) | Programador Mecânico | 65 lt. | 43 dbA | Classic Line,GRANDES DOMÉSTICOS,ENCASTRE,FORNOS,não
350019048061,Forno Encast. Beko BIE 22300 X,48061,"263,00","36,4",BEKO,115,Forno Multifunções (6) | Programador Digital | 65 lt. | 43 dbA | Classic Line,GRANDES DOMÉSTICOS,ENCASTRE,FORNOS,sim
350019048062,Forno Encast. Beko BIE 22301 X,48062,"273,00","35,8",BEKO,115,Forno Multifunções (6) | Programador Digital | 65 lt. | 43 dbA | Classic Line,GRANDES DOMÉSTICOS,ENCASTRE,FORNOS,não
350019048071,Forno Encast. Beko BIE 22302 XD,48071,"286,00","35,8",BEKO,115,Forno Multifunções (6) | Programador Digital | 65 lt. | Rail Telesc. | 43 dbA | Classic Line,GRANDES DOMÉSTICOS,ENCASTRE,FORNOS,sim
350019048056,Forno Encast. Beko BIE 24300 B,48056,"298,00",40,BEKO,115,Forno Multifunções (6) | Programador Digital | 72 lt. | 43 dbA | Home Line | Negro,GRANDES DOMÉSTICOS,ENCASTRE,FORNOS,não
350019048069,Forno Encast. Beko BIE 24300 W,48069,"298,00",40,BEKO,115,Forno Multifunções (6) | Programador Digital | 72 lt. | 43 dbA | Home Line | Branco,GRANDES DOMÉSTICOS,ENCASTRE,FORNOS,sim
350019048046,Forno Encast. Beko BIM 24400 BCS,48046,"379,00","38,8",BEKO,115,Forno Multifunções (12) | Parede traseira catalítica | Programador Digital | Prateleira Telescópica  | 65 lt. | 43 dbA | Vitreous Line,GRANDES DOMÉSTICOS,ENCASTRE,FORNOS,sim
350019048055,Forno Encast. Beko BIM 24400 WCS,48055,"379,00",40,BEKO,115,Forno Multifunções (12) | Parede traseira catalítica | Programador Digital | Prateleira Telescópica  | 65 lt. | 43 dbA | Vitreous Line,GRANDES DOMÉSTICOS,ENCASTRE,FORNOS,sim
350019048059,Forno Encast. Beko BIM 25302 X,48059,"345,00","39,5",BEKO,115,Forno Multifunções (8) | Programador Digital | 65 lt. | 43 dbA  ,GRANDES DOMÉSTICOS,ENCASTRE,FORNOS,sim
350019048079,Forno Encast. Beko BIR 25500 XMS,48079,"482,00",41,BEKO,115,Forno Multifunções (12) | Programador Digital (A.D.) | Prateleira Telescópica  | 65 lt. | 43 dbA | Vitreous Line | Tecnologia SURF,GRANDES DOMÉSTICOS,ENCASTRE,FORNOS,sim
350019048058,Forno Encast. Beko BIS 25500 XMS,48058,"537,00",41,BEKO,115,Forno Multifunções (14+52A) | Steamaid cooking function  |   Parede traseira catalítica | Programador digital Touch Control | Prateleira telescópica | 65 lt | 43 dbA,GRANDES DOMÉSTICOS,ENCASTRE,FORNOS,sim
350019048034,Forno Encast. Beko OIM 24500 W,48034,"442,00","37,5",BEKO,115,Forno Multifunções (12) | Parede traseira catalítica | Programador Digital | 65 lt. | 43 dbA | Vitreous Line,GRANDES DOMÉSTICOS,ENCASTRE,FORNOS,sim
350019048024,Forno Encast. Beko OIM 25700 X,48024,"559,00","37,799999",BEKO,115,Forno Multifunções (12) | Parede traseira catalítica | Programador digital Touch Control | Prateleira telescópica | 65 lt | 43 dbA | Vitreous Line,GRANDES DOMÉSTICOS,ENCASTRE,FORNOS,sim
350019048053,Forno Encast. Beko OIM 25901 X,48053,"615,00","39,5",BEKO,115,Forno Multifunções (14) | Função Cozedura a Vapor  |   Parede traseira catalítica | Programador digital Touch Control | Prateleira telescópica | 65 lt | 43 dbA | Vitreous Line,GRANDES DOMÉSTICOS,ENCASTRE,FORNOS,sim
350019048054,Forno Encast. Beko OIM 39701 X,48054,"652,00","39,5",BEKO,115,Forno Multifunções (14+54A) |Função Cozedura a Vapor | Parede traseira catalítica | Programador digital Touch Control | Prateleira telescópica c/ 2 níveis| 75 lt | 43 dbA | Vitreous Line,GRANDES DOMÉSTICOS,ENCASTRE,FORNOS,sim
350019059052,Forno Encast. Grundig GEBM 13001 X,59052,"367,00","43,9",GRUNDIG,115,Forno Multifunções (8) | Programador Digital (A.D.) | Prateleira Telescópica  | 65 lt. | 43 dbA | Vitreous Line,GRANDES DOMÉSTICOS,ENCASTRE,FORNOS,não
350019048063,Forno Encast. Beko BIE 22300 XP,48063,"470,00","41,2",BEKO,115,Forno Multifunções Pirolítico (8) | Programador Eletrónico (A.D.) |  65 lt. | 43 dbA  | Classic Line,GRANDES DOMÉSTICOS,ENCASTRE,FORNOS,sim
350019048064,Forno Encast. Beko BIM 25400 XPS,48064,"550,00","43,9",BEKO,115,Forno Multifunções (14) | Pirolítico | Programador Digital (A.D.) | Prateleira Telescópica  | 65 lt. | 43 dbA | Vitreous Line,GRANDES DOMÉSTICOS,ENCASTRE,FORNOS,sim
350013046837,Combinado Int. Beko BCHA 275E3 S,46837,"544,00",63,BEKO,115,275 L / 255 L (186/69) Semi No Frost | 3 Gavetas | Classe: A++ | 1770 x 540 x 535 mm (A x L x P),GRANDES DOMÉSTICOS,ENCASTRE,COMBINADOS,sim
350013046817,Frigorifico Integ. Beko B 1751,46817,"296,00",34,BEKO,115,1 Porta - 142 L  - Classe A+ - 840 x 540 x 548 (A x L x P),GRANDES DOMÉSTICOS,ENCASTRE,FRIGORIFICOS,sim
350013046828,Frigorifico Integ. Beko BU 1101,46828,"291,00",33,BEKO,115,1 Porta | 130 L / 128 L | Larder | Classe A+ | 820 x 595 x 545 mm (A x L x P),GRANDES DOMÉSTICOS,ENCASTRE,FRIGORIFICOS,sim
350013046827,Frigorifico Integ. Beko BU 1152,46827,"310,00",39,BEKO,115,1 Porta | 125 L / 123 L (105/18) | Classe A+ | Table Top|  820 x 595 x 545 mm (A x L x P),GRANDES DOMÉSTICOS,ENCASTRE,FRIGORIFICOS,sim
350013046832,Frigorifico Integ. Beko RBI 2301,46832,"314,00",33,BEKO,115,1 Porta | 200 L / 184 L (164/20) | Table Top| Classe A+ | 1210 x 540 x 545 mm (A x L x P),GRANDES DOMÉSTICOS,ENCASTRE,FRIGORIFICOS,não
350013046825,Frigorifico Integ. Beko RBI 6301,46825,"343,00",45,BEKO,115,2 Portas | 250 L / 215 L (170/45) | Larder | Classe A+ | 1440 x 545 x 580 mm (A x L x P),GRANDES DOMÉSTICOS,ENCASTRE,FRIGORIFICOS,sim
350013046826,Congelador Vert.  Integ. Beko BU 1201,46826,"394,00",33,BEKO,115,96 L / 87 L | 3 Gavetas | Classe A+ | 820 x 595 x 545 mm (A x L x P),GRANDES DOMÉSTICOS,ENCASTRE,CONGELADORES VERTICAIS,sim
350013046801,Congelador Vert. Integ. Beko 2950 B,46801,"345,00",52,BEKO,115,220 L | 5 Gavetas | Classe B | 1440 x 540 x 548 (A x L x P),GRANDES DOMÉSTICOS,ENCASTRE,CONGELADORES VERTICAIS,sim
350013046811,Congelador Vert. Integ. Beko FBI 5850 HCA+,46811,"550,00",58,BEKO,115,220 L / 196 L | 8 Gavetas | Classe A+ | 1770 x 540 x 548 mm (A x L x P),GRANDES DOMÉSTICOS,ENCASTRE,CONGELADORES VERTICAIS,sim
350032047199,Maq.Integ. Beko WMI 81242,47199,"475,00",73,BEKO,115,1200 RPM Variável - 8 Kg - Óculo Grande - Mini LCD - Variável - Classe A+AB,GRANDES DOMÉSTICOS,ENCASTRE,MAQ.LAVAR ROUPA,sim
350032047198,Maq.Integ. Beko WMI 81442,47198,"495,00",73,BEKO,115,1400 RPM Variável - 8 Kg - Óculo Grande - Mini LCD - Variável - Classe A+++AB,GRANDES DOMÉSTICOS,ENCASTRE,MAQ.LAVAR ROUPA,sim
350032047499,Maquina Lavar e Secar Beko HITV 8733 BO,47499,"660,00",60,BEKO,115,1400 RPM Variável | 8 Kg | Classe A | 5 Kg secagem,GRANDES DOMÉSTICOS,ENCASTRE,MAQ.LAVAR/SECAR ROUPA,sim
350033047622,Maq.Louça Integ. Beko DIS 15013,47622,"370,00",43,BEKO,115,10 Talheres | 5 Programas | Classe A+AA | Total Integrável,GRANDES DOMÉSTICOS,ENCASTRE,MÁQUINAS DE LOIÇA,sim
350033047617,Maq.Louça Beko DSN 15420 X,47617,"435,00","48,4",BEKO,115,12 Talheres | 5 Programas | Classe A++A | Painel Inox,GRANDES DOMÉSTICOS,ENCASTRE,MÁQUINAS DE LOIÇA,sim
350033047502,Maq.Louça Integ. Beko D 3520 BW,47502,"325,00",44,BEKO,115,12 Talheres | 5 Programas | Classe B | Branca,GRANDES DOMÉSTICOS,ENCASTRE,MÁQUINAS DE LOIÇA,sim
350033047620,Maq.Louça Integ. Beko DIN 26410,47620,"395,00",43,BEKO,115,12 Talheres | 6 Programas | Classe A+AA | Total Integrável,GRANDES DOMÉSTICOS,ENCASTRE,MÁQUINAS DE LOIÇA,não
350033047621,Maq.Louça Integ. Beko DIN 26421,47621,"426,00",41,BEKO,115,12 Talheres | 6 Programas | Led Spot | Classe A++AA | Total Integrável,GRANDES DOMÉSTICOS,ENCASTRE,MÁQUINAS DE LOIÇA,sim
350033047628,Maq.Louça Integ. Beko DIN 28423,47628,"485,00",49,BEKO,115,12 Talheres | 8 Programas | Classe A++AA | Total Integrável,GRANDES DOMÉSTICOS,ENCASTRE,MÁQUINAS DE LOIÇA,sim
350033047525,Maq.Louça Integ. Beko DSN 6830,47525,"445,00",44,BEKO,115,12 Talheres | Mini LCD | 8 Programas | Classe A | Painel Branco,GRANDES DOMÉSTICOS,ENCASTRE,MÁQUINAS DE LOIÇA,sim
350028048564,Placa Encast. Beko HIAG 64223 SX,48564,"147,00","9,9",BEKO,115,Placa 60 cm | 4 Gás Standard | Ignição Eletrónica | Inox | Válvula de Segurança,GRANDES DOMÉSTICOS,ENCASTRE,PLACAS,sim
350028048567,Placa Encast. Beko HIAL 75225 SX,48567,"272,00",14,BEKO,115,Placa 70 cm | 5 Gás  (4 Standard + 1 Wok) | Ignição eletrónica | Válvula Segurança | Inox,GRANDES DOMÉSTICOS,ENCASTRE,PLACAS,não
350028048562,Placa Encast. Beko HIAW 64225 SX,48562,"198,00",12,BEKO,115,Placa 60 cm| 4 Gás (1 Wok) | Ignição eletrónica | Válvula Segurança | Inox,GRANDES DOMÉSTICOS,ENCASTRE,PLACAS,sim
350028048566,Placa Encast. Beko HIAW 75225 SL,48566,"272,00",14,BEKO,115,Placa 70 cm | 5 Gás  (4 Standard + 1 Wok) | Ignição eletrónica | Válvula Segurança | Inox,GRANDES DOMÉSTICOS,ENCASTRE,PLACAS,sim
350028048544,Placa Encast. Beko HIMG 64223 SX,48544,"147,00","9,9",BEKO,115,Placa 60 cm | 4 Gás Standard | Ignição Eletrónica | Inox | Válvula de Segurança,GRANDES DOMÉSTICOS,ENCASTRE,PLACAS,não
350028048557,Placa Encast. Beko HIZG 64101 SX,48557,"99,00",10,BEKO,115,Placa 60 cm | 4 Gás Standard | Válvula Segurança | Inox,GRANDES DOMÉSTICOS,ENCASTRE,PLACAS,sim
350028048541,Placa Encast. Beko HIZG 64110 SX,48541,"121,00",10,BEKO,115,Placa 60 cm | 4 Gás Standard | Isqueiro | Válvula Segurança | Inox,GRANDES DOMÉSTICOS,ENCASTRE,PLACAS,sim
350028088541,Placa Encast. Beko HIZG 64110 SX (GB),88541,"146,00",10,BEKO,115,Placa 4 Gás | Isqueiro | Inox,GRANDES DOMÉSTICOS,ENCASTRE,PLACAS,não
350028048555,Placa Encast. Beko HII 63400 AT,48555,"318,00",12,BEKO,115,Placa 3 Indução Magnética | Touch Control ,GRANDES DOMÉSTICOS,ENCASTRE,PLACAS,sim
350028048556,Placa Encast. Beko HII 63403 AT,48556,"359,00",12,BEKO,115,Placa 3 Indução Magnética | Touch Control ,GRANDES DOMÉSTICOS,ENCASTRE,PLACAS,sim
350028048595,Placa Encast. Beko HII 64500 FHT,48595,"449,00","14,4",BEKO,115,Placa 60 cm Indução com 2 Zonas Flexíveis + 2 Indução Normal | Slider Control | Timer,GRANDES DOMÉSTICOS,ENCASTRE,PLACAS,sim
350028048561,Placa Encast. Beko HII 64500 FHTW,48561,"517,00","14,4",BEKO,115,Placa 60 cm Indução com 2 Zonas Flexíveis + 2 Indução Normal | Slider Control | Timer,GRANDES DOMÉSTICOS,ENCASTRE,PLACAS,sim
350028048534,Placa Encast. Beko HII 68600 PTX,48534,"564,00","16,6",BEKO,115,Placa 60 cm Indução | 8 Zonas Flexíveis | Slider Control | Timer | Moldura Inox,GRANDES DOMÉSTICOS,ENCASTRE,PLACAS,sim
350028058590,Placa Encast. Grundig GIEI 638370 HF,58590,"579,00","14,4",GRUNDIG,115,Placa 60 cm Indução com 2 Zonas Flexíveis + 1 Indução Dupla | Slider Control | Timer,GRANDES DOMÉSTICOS,ENCASTRE,PLACAS,sim
350028048591,Dominó Encast. Beko HDCC 32200 X,48591,"145,00","4,8",BEKO,115,30cm | Dueto 2 focos vitrocerâmicos | Comandos Frontais | Inox,GRANDES DOMÉSTICOS,ENCASTRE,PLACAS,sim
350028048598,Dominó Encast. Beko HDCE 32200 X,48598,"99,00","5,8",BEKO,115,30cm | Dominó 2 focos electricos | Comandos Frontais | Inox,GRANDES DOMÉSTICOS,ENCASTRE,PLACAS,sim
350028048590,Dominó Encast. Beko HDMC 32400 TX,48590,"170,00","4,9",BEKO,115,30cm | Dueto 2 focos vitrocerâmicos | Comandos Touch Control | Inox,GRANDES DOMÉSTICOS,ENCASTRE,PLACAS,sim
350028048589,Dominó Encast. Beko HDMI 32400 DTX,48589,"312,00",13,BEKO,115,30cm | Dueto 2 focos indução | Comandos Touch Control | Inox,GRANDES DOMÉSTICOS,ENCASTRE,PLACAS,sim
350028048599,Dominó Encast. Beko HDCG 32220 FX,48599,"79,00",3,BEKO,115,30cm | Dueto 2 gás | Isqueiro | Comandos Frontais | Inox,GRANDES DOMÉSTICOS,ENCASTRE,PLACAS,não
350028048533,Placa Encast. Beko HIC 64402 E,48533,"220,00","8,6",BEKO,115,Placa 60 cm | 4 Vitrocerâmicas com 1 duo| Touch Control,GRANDES DOMÉSTICOS,ENCASTRE,PLACAS,sim
350028048527,Placa Encast. Beko HIC 64403 T,48527,"238,00","8,9",BEKO,115,Placa 60 cm | 4 Vitrocerâmicas c/ 1 Duo + 1 Extensão | Touch Control,GRANDES DOMÉSTICOS,ENCASTRE,PLACAS,sim
350028048563,Placa Encast. Beko HILG 64120 S,48563,"182,00","13,2",BEKO,115,Placa 4 Cristal Gás | Ignição Electrónica | Válvula Segurança | Grelhas de Esmalte | Botões Cilindricos ,GRANDES DOMÉSTICOS,ENCASTRE,PLACAS,sim
350028048569,Placa Encast. Beko HILL 75222 SL,48569,"272,00","16,1",BEKO,115,Placa 70 cm | Cristal Gás | 4 Standard + 1 Wok | Ignição Electrónica | Válvula Segurança,GRANDES DOMÉSTICOS,ENCASTRE,PLACAS,sim
350028048568,Placa Encast. Beko HILM 64120 S,48568,"235,00","9,9",BEKO,115,Placa 60 cm | 2 Vitrocerâmicas + 2 Cristal Gás | Ignição Electrónica | Válvula Segurança,GRANDES DOMÉSTICOS,ENCASTRE,PLACAS,sim
350028048571,Placa Encast. Beko HILW 64222 S,48571,"215,00","13,2",BEKO,115,Placa 60 cm | 4 Cristal Gás (3 Standard + 1 Wok) | Ignição Electrónica | Válvula Segurança | Grelhas de Esmalte | Botões Cilindricos,GRANDES DOMÉSTICOS,ENCASTRE,PLACAS,sim
350028048529,Placa Encast. Beko HILW 75222 SL,48529,"272,00","16,1",BEKO,115,Placa 70 cm | Cristal Gás | 4 Standard + 1 Wok | Ignição Electrónica | Válvula Segurança,GRANDES DOMÉSTICOS,ENCASTRE,PLACAS,sim
350020048327,Microondas Encast. Beko  MGB 25332 BG,48327,"238,00","20,5",BEKO,115,Grill Simultâneo | 25L | Eletrónico | Nicho para Encastre | Dimensões: 388 x 595 x 392 mm,GRANDES DOMÉSTICOS,ENCASTRE,MICROONDAS,sim
350020048326,Microondas Encast. Beko  MGB 25333 BG,48326,"282,00","20,5",BEKO,115,Grill Simultâneo | 25L | Eletrónico | Nicho para Encastre | Dimensões: 388 x 595 x 392 mm,GRANDES DOMÉSTICOS,ENCASTRE,MICROONDAS,sim
350020048325,Microondas Encast. Beko  MGB 25333 X,48325,"290,00","14,4",BEKO,115,Grill Simultâneo | 25L | Eletrónico | Nicho para Encastre | Inox | Dimensões: 388 x 595 x 392 mm,GRANDES DOMÉSTICOS,ENCASTRE,MICROONDAS,sim
GLR7500,Hi-Fi Micro Grundig M 1000 BT,GLR7500,"119,00","5,8",GRUNDIG,215,,IMAGEM E SOM,EQUIPAMENTOS AUDIO,APARELHAGENS MICROS,sim
GLR7610,Hi-Fi Micro Grundig M 2000 BT,GLR7610,"161,00","5,8",GRUNDIG,215,,IMAGEM E SOM,EQUIPAMENTOS AUDIO,APARELHAGENS MICROS,sim
GLR7620,Hi-Fi Micro Grundig M 3000 BT,GLR7620,"198,00","5,8",GRUNDIG,215,,IMAGEM E SOM,EQUIPAMENTOS AUDIO,APARELHAGENS MICROS,sim
GLR2300,Hi-Fi Micro Grundig PSW 5000 white/green,GLR2300,"0,00","5,2049999237061",GRUNDIG,215,,IMAGEM E SOM,EQUIPAMENTOS AUDIO,APARELHAGENS MICROS,sim
GDS2610,Mp3 Grundig Mpaxx 920 FM/2Gb (white),GDS2610,"27,00","0,181",GRUNDIG,925,,IMAGEM E SOM,EQUIPAMENTOS AUDIO,LEITORES DE MP3,sim
GDS0600,Mp4 Grundig Mpixx 2002 FM/2GB arta sil. gl./cool tit,GDS0600,"0,00","0,46900001168251",GRUNDIG,930,,IMAGEM E SOM,EQUIPAMENTOS AUDIO,LEITORES DE MP4,sim
GDS2200,Mp4 Grundig Mpixx 8800,GDS2200,"199,00","0,40000000596046",GRUNDIG,930,"Reprodutor Mp3 e MP4. Capacidade memoria interna 8GB. Compatível com ficheiros Mp3, WMA, BMP, JPEG, SMV (AVI, MPG4, DVD).  Display com 16 milhoes cores com ecrã tactil de 2,4"". Microfone. Ligação USB 2.0 (mini). Cinta  para pendurar. Auriculares incluído. Slot Expansão leitor cartões SD/MMC até 8GB",IMAGEM E SOM,EQUIPAMENTOS AUDIO,LEITORES DE MP4,sim
GLR6010,Coluna Bluetooth Grundig GSB 120 Black/Orange,GLR6010,"100,00","6,6",GRUNDIG,210,"Coluna Bluetooth, 2 x 5 W, transdutores passivos para amplificar as baixas frequências, alcance Bluetooth até 10 m, altifalante bluetooth mãos livres, bateria de litio 7.4 V, tempo de trabalho até mais de 8 horas, AUX input. Medidas: 17 x 7 x7 cm. Cor Preto/Laranja.",IMAGEM E SOM,EQUIPAMENTOS AUDIO,OUTRO HI-FI,sim
GLR6011,Coluna Bluetooth Grundig GSB 120 Black/Silver,GLR6011,"100,00","6,6",GRUNDIG,210,"Coluna Bluetooth, 2 x 5 W, transdutores passivos para amplificar as baixas frequências, alcance Bluetooth até 10 m, altifalante bluetooth mãos livres, bateria de litio 7.4 V, tempo de trabalho até mais de 8 horas, AUX input. Medidas: 17 x 7 x7 cm. Cor Preto/Prateado.",IMAGEM E SOM,EQUIPAMENTOS AUDIO,OUTRO HI-FI,sim
GLR7200,Coluna Bluetooth Grundig GSB 150,GLR7200,"0,00","6,6",GRUNDIG,210,"Barra de Som com 4 alto falantes, streaming de música a partir de telemóvel ou tablet via Bluetooth até 10 m de alcance, 2 x 20 W RMS, efeito de som3D, Subwoofer output, AUX input, Medidas: 99 x 9 x7 cm, Cor Branco.",IMAGEM E SOM,EQUIPAMENTOS AUDIO,OUTRO HI-FI,sim
GLR7230,Coluna Bluetooth Grundig GSB 150 Charcoal,GLR7230,"0,00","6,6",GRUNDIG,210,"Barra de Som com 4 alto falantes, streaming de música a partir de telemóvel ou tablet via Bluetooth até 10 m de alcance, 2 x 20 W RMS, efeito de som3D, Subwoofer output, AUX input, Medidas: 99 x 9 x7 cm, Cor Branco.",IMAGEM E SOM,EQUIPAMENTOS AUDIO,OUTRO HI-FI,sim
GLR7240,Coluna Bluetooth Grundig GSB 150 Maia,GLR7240,"0,00","6,6",GRUNDIG,210,"Barra de Som com 4 alto falantes, streaming de música a partir de telemóvel ou tablet via Bluetooth até 10 m de alcance, 2 x 20 W RMS, efeito de som3D, Subwoofer output, AUX input, Medidas: 99 x 9 x7 cm, Cor Branco.",IMAGEM E SOM,EQUIPAMENTOS AUDIO,OUTRO HI-FI,sim
GLR7250,Coluna Bluetooth Grundig GSB 150 Odessa,GLR7250,"0,00","6,6",GRUNDIG,210,"Barra de Som com 4 alto falantes, streaming de música a partir de telemóvel ou tablet via Bluetooth até 10 m de alcance, 2 x 20 W RMS, efeito de som3D, Subwoofer output, AUX input, Medidas: 99 x 9 x7 cm, Cor Branco.",IMAGEM E SOM,EQUIPAMENTOS AUDIO,OUTRO HI-FI,sim
GLR7550,Coluna Bluetooth Grundig GSB 710,GLR7550,"44,90","0,5",GRUNDIG,210,"Barra de Som com 4 alto falantes, streaming de música a partir de telemóvel ou tablet via Bluetooth até 10 m de alcance, 2 x 20 W RMS, efeito de som3D, Subwoofer output, AUX input, Medidas: 99 x 9 x7 cm, Cor Branco.",IMAGEM E SOM,EQUIPAMENTOS AUDIO,OUTRO HI-FI,sim
GLR7540,Coluna Bluetooth Grundig GSB 720,GLR7540,"89,90","0,5",GRUNDIG,210,"Barra de Som com 4 alto falantes, streaming de música a partir de telemóvel ou tablet via Bluetooth até 10 m de alcance, 2 x 20 W RMS, efeito de som3D, Subwoofer output, AUX input, Medidas: 99 x 9 x7 cm, Cor Branco.",IMAGEM E SOM,EQUIPAMENTOS AUDIO,OUTRO HI-FI,sim
GLR7530,Coluna Bluetooth Grundig GSB 730,GLR7530,"129,00","1,7",GRUNDIG,210,"Barra de Som com 4 alto falantes, streaming de música a partir de telemóvel ou tablet via Bluetooth até 10 m de alcance, 2 x 20 W RMS, efeito de som3D, Subwoofer output, AUX input, Medidas: 99 x 9 x7 cm, Cor Branco.",IMAGEM E SOM,EQUIPAMENTOS AUDIO,OUTRO HI-FI,sim
GLR6140,Coluna Bluetooth Grundig GSB 800 Black,GLR6140,"130,00","6,6",GRUNDIG,210,"Barra de Som com 4 alto falantes, streaming de música a partir de telemóvel ou tablet via Bluetooth até 10 m de alcance, 2 x 20 W RMS, efeito de som3D, Subwoofer output, AUX input, Medidas: 99 x 9 x7 cm, Cor Preto.",IMAGEM E SOM,EQUIPAMENTOS AUDIO,OUTRO HI-FI,sim
350086048742,Esquentador Beko B 250 HB,48742,"342,00",18,BEKO,190,Completamente automático | Consumo gás natural - 2.3 | Consumo gás butano - 1.7 | Sistema segurança | Temperaturas 40-65 | Medidas: 63x35x24,GRANDES DOMÉSTICOS,ESQUENTADORES/CALDEIRAS,ESQUENTADORES C/GÁS,sim
350016048658,Fogão Vitrocerâmico Beko FSE 67310 GX,48658,"460,00",45,BEKO,110,4 Vitrocerêmicas | Forno Multifunções (6) | Programador Digital | Inox | Classe: A-10 | 60 x 60 cm,GRANDES DOMÉSTICOS,FOGÕES,FOGÕES - ELÉCTRICOS,sim
350016048656,Fogão Vitrocerâmico Beko FSM 67320 GWS,48656,"435,00",52,BEKO,110,4 Vitrocerêmicas | Forno Multifunções (8) | Classe: A-10 | Programador Digital | Inox | 60 x 60 |Branco,GRANDES DOMÉSTICOS,FOGÕES,FOGÕES - ELÉCTRICOS,sim
350016048659,Fogão Vitrocerâmico Beko FSM 67320 GXS,48659,"495,00",52,BEKO,110,4 Vitrocerêmicas | Forno Multifunções (8) | Classe: A-10 | Programador Digital | Inox | 60 x 60 |Inox,GRANDES DOMÉSTICOS,FOGÕES,FOGÕES - ELÉCTRICOS,sim
350017048648,Fogão Gás Beko CSG 42009 DW,48648,"229,00","49,8",BEKO,110,4 Gás c/ Válvula de Segurança | Forno a Gás | Branco | 50 x 50 cm | Válvula Segurança | Branco,GRANDES DOMÉSTICOS,FOGÕES,FOGÕES C/GÁS,sim
350017048623,Fogão Gás Beko CSG 62110 DX,48623,"376,00","50,5",BEKO,110,4 Gás | Forno a Gás | Inox | 60 x 60 | Válvula Segurança,GRANDES DOMÉSTICOS,FOGÕES,FOGÕES C/GÁS,não
350017048652,Fogão Gás Beko FSE 62110 DW,48652,"332,00",45,BEKO,110,4 Gás c/ Válvula de Segurança | Forno Multifunções (6) | Branco | Classe: A-10 | 60 x 60 cm,GRANDES DOMÉSTICOS,FOGÕES,FOGÕES C/GÁS,sim
350017048649,Fogão Gás Beko FSG 62000 DWL,48649,"284,00",48,BEKO,110,4 Gás c/ Válvula Segurança | Forno a Gás | Branco | 60 x 60 cm,GRANDES DOMÉSTICOS,FOGÕES,FOGÕES C/GÁS,sim
350017048650,Fogão Gás Beko FSG 62000 DXL,48650,"308,00","50,5",BEKO,110,4 Gás | Forno a Gás | Inox | 60 x 60 | Válvula Segurança,GRANDES DOMÉSTICOS,FOGÕES,FOGÕES C/GÁS,sim
350017048654,Fogão Gás Beko FSG 62110 DWCS,48654,"339,00",51,BEKO,110,4 Gás | Forno a Gás | Branco | 60 x 60 | Válvula Segurança,GRANDES DOMÉSTICOS,FOGÕES,FOGÕES C/GÁS,não
350017048640,Fogão Gás Beko GM 15121 DX,48640,"675,00",71,BEKO,110,4 Gás | Forno Eléctico | Inox | 90 x 60 | Válvula Segurança,GRANDES DOMÉSTICOS,FOGÕES,FOGÕES C/GÁS,sim
350017048641,Fogão Gás Beko GM 15310 DB,48641,"705,00",71,BEKO,110,4 Gás | Forno Eléctico | Inox | 90 x 60 | Válvula Segurança,GRANDES DOMÉSTICOS,FOGÕES,FOGÕES C/GÁS,sim
350013046237,Combinado Beko RCHA 270K20 X,46237,"403,00",69,BEKO,130,Semi No Frost | 273 L (193/80) | 3 Gavetas | Classe A+ (304 Kwh/ano) | 1705 x 540 x 600 ( A x L x P ) | Inox,GRANDES DOMÉSTICOS,FRIGORIFICOS/COMBINADOS,COMB.CONVENCIONAIS,não
350013046394,Combinado Beko CN 148220,46394,"670,00",86,BEKO,130,No Frost | 475 L / 426 L (301/125) | 3 gavetas | Classe A+ ( 307 Kwh/ano) | 1945 x 700 x 680 mm ( A x L x P ),GRANDES DOMÉSTICOS,FRIGORIFICOS/COMBINADOS,COMBINADOS NO FROST,sim
350013046232,Combinado Beko CN 228121,46232,"411,00",74,BEKO,130,No Frost |295 L / 266 L (176/90) | 3 Gavetas | Classe A+ (324 Kwh/ano) | 1754 x 595 x 600 mm ( A x L x P ),GRANDES DOMÉSTICOS,FRIGORIFICOS/COMBINADOS,COMBINADOS NO FROST,não
350013046382,Combinado Beko CN 232121,46382,"438,00",74,BEKO,130,No Frost |320 L / 273 L (193/80) | 3 Gavetas | Classe A+ (304 Kwh/ano) | 1853  x  595 x 600 mm  (A x L x P ),GRANDES DOMÉSTICOS,FRIGORIFICOS/COMBINADOS,COMBINADOS NO FROST,não
350013046181,Combinado Beko CN 232220,46181,"492,00",74,BEKO,130,No Frost |320 L / 273 L (193/80) | 3 Gavetas | Classe A+ (304 Kwh/ano) | 1853  x  595 x 600 mm  (A x L x P ),GRANDES DOMÉSTICOS,FRIGORIFICOS/COMBINADOS,COMBINADOS NO FROST,sim
350013046379,Combinado Beko RCNA 320E21 W,46379,"507,00",74,BEKO,130,No Frost |320 L / 273 L (193/80) | 3 Gavetas | Classe A+ (304 Kwh/ano) | 1853  x  595 x 600 mm  (A x L x P ),GRANDES DOMÉSTICOS,FRIGORIFICOS/COMBINADOS,COMBINADOS NO FROST,sim
350013046380,Combinado Beko RCNA 320E21 X,46380,"528,00",69,BEKO,130,No Frost |320 L / 273 L (193/80) | 3 Gavetas | Classe A+ (304 Kwh/ano) | 1853  x  595 x 600 mm  (A x L x P ) | Inox,GRANDES DOMÉSTICOS,FRIGORIFICOS/COMBINADOS,COMBINADOS NO FROST,sim
350013046400,Combinado Beko RCNA 320K20 PT,46400,"484,00",86,BEKO,130,,GRANDES DOMÉSTICOS,FRIGORIFICOS/COMBINADOS,COMBINADOS NO FROST,sim
350013046386,Combinado Beko RCNA 320K20 W,46386,"438,00",74,BEKO,130,No Frost |320 L / 273 L (193/80) | 3 Gavetas | Classe A+ (304 Kwh/ano) | 1853  x  595 x 600 mm  (A x L x P ),GRANDES DOMÉSTICOS,FRIGORIFICOS/COMBINADOS,COMBINADOS NO FROST,sim
350013046388,Combinado Beko RCNA 320K30 PT,46388,"529,00",86,BEKO,130,No Frost |320 L / 287 L (197/90) | 3 Gavetas | Classe A++ (250 Kwh/ano) | 1853  x  595 x 600 mm  (A x L x P ) | PVC Inox,GRANDES DOMÉSTICOS,FRIGORIFICOS/COMBINADOS,COMBINADOS NO FROST,sim
350013046387,Combinado Beko RCNA 320K30 W,46387,"502,00",74,BEKO,130,No Frost |320 L / 287 L (197/90) | 3 Gavetas | Classe A++ (250 Kwh/ano) | 1853  x  595 x 600 mm  (A x L x P ),GRANDES DOMÉSTICOS,FRIGORIFICOS/COMBINADOS,COMBINADOS NO FROST,sim
350013046399,Combinado Beko RCNA 365E30 ZGB,46399,"660,00",86,BEKO,130,No Frost | 365 L / 318 L (219/99) | 3 gavetas | Dispensador água | Classe A++ | 1853 x 595 x 650 mm ( A x L x P ) | Glass Black,GRANDES DOMÉSTICOS,FRIGORIFICOS/COMBINADOS,COMBINADOS NO FROST,sim
350013046398,Combinado Beko RCNA 365E31 DZW,46398,"552,00",86,BEKO,130,No Frost | 365 L / 318 L (219/99) | 3 gavetas | Dispensador água | Classe A++ | 1853 x 595 x 650 mm ( A x L x P ),GRANDES DOMÉSTICOS,FRIGORIFICOS/COMBINADOS,COMBINADOS NO FROST,sim
350013046391,Combinado Beko RCNE 520E31 DZX,46391,"757,00",90,BEKO,130,No Frost | 520 L / 450 L (326/124) | 3 gavetas | Dispensador água | Classe A++ | 1915 x 700 x 680 mm ( A x L x P )| Inox,GRANDES DOMÉSTICOS,FRIGORIFICOS/COMBINADOS,COMBINADOS NO FROST,sim
350013046393,Combinado Beko RCNE 520E31 W,46393,"689,00",86,BEKO,130,No Frost | 520 L / 450 L (326/124) | 3 gavetas | Classe A++ | 1915 x 700 x 680 mm ( A x L x P )| Branco,GRANDES DOMÉSTICOS,FRIGORIFICOS/COMBINADOS,COMBINADOS NO FROST,sim
350013046395,Combinado Beko RCNE 520E31 ZX,46395,"719,00",86,BEKO,130,No Frost | 520 L / 450 L (326/124) | 3 gavetas | Classe A++ | 1915 x 700 x 680 mm ( A x L x P )| Inox,GRANDES DOMÉSTICOS,FRIGORIFICOS/COMBINADOS,COMBINADOS NO FROST,sim
350013046384,Combinado Beko RCSA 330K21 W,46384,"389,00",86,BEKO,130,321 L / 295 L (205/90)| 3 Gavetas | Classe A+ | 1853 x 595 x 600 mm (A x L x P),GRANDES DOMÉSTICOS,FRIGORIFICOS/COMBINADOS,COMBINADOS NO FROST,sim
355013059002,Combinado Grundig GKN 16220,59002,"769,00",92,GRUNDIG,130,No Frost | 400 L / 356 L (257/99) | 3 gavetas | Classe A++ | 2010 x 595 x 650 mm ( A x L x P ),GRANDES DOMÉSTICOS,FRIGORIFICOS/COMBINADOS,COMBINADOS NO FROST,sim
355013059001,Combinado Grundig GKN 16220 X,59001,"819,00",92,GRUNDIG,130,No Frost | 400 L / 356 L (257/99) | 3 gavetas | Classe A++ | 2010 x 595 x 650 mm ( A x L x P )  | Inox,GRANDES DOMÉSTICOS,FRIGORIFICOS/COMBINADOS,COMBINADOS NO FROST,sim
355013059004,Combinado Grundig GKN 16825,59004,"713,00",84,GRUNDIG,130,No Frost | 365 L / 318 L (219/99) | 3 gavetas | Classe A++ | 1853 x 595 x 650 mm ( A x L x P ),GRANDES DOMÉSTICOS,FRIGORIFICOS/COMBINADOS,COMBINADOS NO FROST,sim
355013059003,Combinado Grundig GKN 16825 X,59003,"769,00",84,GRUNDIG,130,No Frost | 365 L / 318 L (219/99) | 3 gavetas | Classe A++ | 1853 x 595 x 650 mm ( A x L x P )  | Inox,GRANDES DOMÉSTICOS,FRIGORIFICOS/COMBINADOS,COMBINADOS NO FROST,sim
375001367063,Combinado Hisense RB299N4AW1,67063,"390,00","57,5",HISENSE,130,,GRANDES DOMÉSTICOS,FRIGORIFICOS/COMBINADOS,COMBINADOS NO FROST,sim
375001367067,Combinado Hisense RB371N4EC2,67067,"491,00","73,5",HISENSE,130,,GRANDES DOMÉSTICOS,FRIGORIFICOS/COMBINADOS,COMBINADOS NO FROST,sim
375001367066,Combinado Hisense RB371N4EW1,67066,"434,00","73,5",HISENSE,130,,GRANDES DOMÉSTICOS,FRIGORIFICOS/COMBINADOS,COMBINADOS NO FROST,sim
375001367068,Combinado Hisense RB400N4BC3,67068,"665,00",83,HISENSE,130,,GRANDES DOMÉSTICOS,FRIGORIFICOS/COMBINADOS,COMBINADOS NO FROST,sim
375001367069,Combinado Hisense RB400N4EG2,67069,"560,00",83,HISENSE,130,,GRANDES DOMÉSTICOS,FRIGORIFICOS/COMBINADOS,COMBINADOS NO FROST,sim
375001367065,Combinado Hisense RB403N4EC2,67065,"516,00",78,HISENSE,130,,GRANDES DOMÉSTICOS,FRIGORIFICOS/COMBINADOS,COMBINADOS NO FROST,sim
375001367060,Combinado Hisense RB403N4EW1,67060,"464,00",78,HISENSE,130,,GRANDES DOMÉSTICOS,FRIGORIFICOS/COMBINADOS,COMBINADOS NO FROST,sim
375001367051,Combinado Hisense RD-46WC4SBA/CPA1,67051,"512,00",93,HISENSE,130,,GRANDES DOMÉSTICOS,FRIGORIFICOS/COMBINADOS,COMBINADOS NO FROST,sim
350013046365,Frigorifico Beko RSSA 290M21 W,46365,"348,00",63,BEKO,130,1 Porta | 320 L  / 278 L | Cooler | Classe A+ | 1510 x 595 x 600 mm (A x L x P),GRANDES DOMÉSTICOS,FRIGORIFICOS/COMBINADOS,FRIGORIF.1 PORTA,sim
350013046363,Frigorifico Beko RSSE 265K20 W,46363,"277,00",46,BEKO,130,1 Porta | 260 L / 256 L | Cooler | Classe A+ | 1456 x 540 x 595 mm (A x L x P),GRANDES DOMÉSTICOS,FRIGORIFICOS/COMBINADOS,FRIGORIF.1 PORTA,sim
350013046305,Frigorifico Beko RSSE 415M21 W,46305,"422,00","71,5",BEKO,130,1 Porta | 415 L / 356 L | Cooler | Classe A+ | 1710 x 600 x 650 mm (A x L x P),GRANDES DOMÉSTICOS,FRIGORIFICOS/COMBINADOS,FRIGORIF.1 PORTA,sim
350013046306,Frigorifico Beko RSSE 415M21 X,46306,"465,00",70,BEKO,130,1 Porta | 415 L / 356 L | Cooler | Classe A+ | Inox  | 1715 x 600 x 650 mm (A x L x P),GRANDES DOMÉSTICOS,FRIGORIFICOS/COMBINADOS,FRIGORIF.1 PORTA,sim
350013046234,Frigorífico Beko RSSE 415M23 DW,46234,"478,00",74,BEKO,130,1 Porta | 415 L / 356 L | Cooler | W. Disp.|  Classe A+ | 1710 x 600 x 650 mm (A x L x P),GRANDES DOMÉSTICOS,FRIGORIFICOS/COMBINADOS,FRIGORIF.1 PORTA,sim
350013046767,Frigorifico Beko RSSE 445K21 W,46767,"449,00",70,BEKO,130,1 Porta Cíclico |  445 L / 400 L | Cooler | Classe A+ | 1845 x 595 x 650 mm (A x L x P,GRANDES DOMÉSTICOS,FRIGORIFICOS/COMBINADOS,FRIGORIF.1 PORTA,sim
350013046766,Frigorifico Beko RSSE 445K21 X,46766,"499,00",70,BEKO,130,1 Porta Cíclico |  445 L / 400 L | Cooler | Classe A+ | Inox | 1845 x 595 x 650 mm (A x L x P,GRANDES DOMÉSTICOS,FRIGORIFICOS/COMBINADOS,FRIGORIF.1 PORTA,sim
350013046267,Frigorifico Beko SS 132020,46267,"348,00",63,BEKO,130,1 Porta | 320 L  / 278 L | Cooler | Classe A+ | 1510 x 595 x 600 mm (A x L x P),GRANDES DOMÉSTICOS,FRIGORIFICOS/COMBINADOS,FRIGORIF.1 PORTA,não
350013046260,Frigorifico Beko TSE 1282,46260,"220,00","33,5",BEKO,130,1 Porta | 120 L / 114 L (101/13) | Table Top | Classe A+ | 840 x 545 x 600 mm (A x L x P),GRANDES DOMÉSTICOS,FRIGORIFICOS/COMBINADOS,FRIGORIF.1 PORTA,sim
350013046261,Frigorifico Beko TSE 1402,46261,"208,00",33,BEKO,130,1 Porta | 135 L / 130 L | Top Larder | Classe A+ | 840 x 545 x 600 (A x L x P),GRANDES DOMÉSTICOS,FRIGORIFICOS/COMBINADOS,FRIGORIF.1 PORTA,sim
375001367013,Frigorifico Hisense RL170D4AW2,67013,"186,00","33,5",HISENSE,130,,GRANDES DOMÉSTICOS,FRIGORIFICOS/COMBINADOS,FRIGORIF.1 PORTA,sim
375001367018,Frigorifico Hisense RL325D4AW1,67018,"267,00",45,HISENSE,130,"RL325D4AW1, É UM FRIGORIFICO DE 1 PORTA EM BRANCO, ESTÁTICO, COM 250L DE CAPACIDADE ÚTIL TOTAL E CLASSE ENERGÉTICA: A+.",GRANDES DOMÉSTICOS,FRIGORIFICOS/COMBINADOS,FRIGORIF.1 PORTA,sim
375001367027,Frigorifico Hisense RL475N4BC2,67027,"520,00",80,HISENSE,130,,GRANDES DOMÉSTICOS,FRIGORIFICOS/COMBINADOS,FRIGORIF.1 PORTA,sim
375001367024,Frigorifico Hisense RR125D4AW1,67024,"181,00",27,HISENSE,130,,GRANDES DOMÉSTICOS,FRIGORIFICOS/COMBINADOS,FRIGORIF.1 PORTA,sim
375001367014,Frigorifico Hisense RR154D4AW2,67014,"216,00","33,5",HISENSE,130,,GRANDES DOMÉSTICOS,FRIGORIFICOS/COMBINADOS,FRIGORIF.1 PORTA,sim
375001367012,Mini Bar Hisense RR-55D4AW1,67012,"115,00",17,HISENSE,130,,GRANDES DOMÉSTICOS,FRIGORIFICOS/COMBINADOS,FRIGORIF.1 PORTA,sim
350013046789,Frigorifico Beko RSNE 445E33 W,46789,"522,00",70,BEKO,130,1 Porta No Frost | 445 L / 375 L | Cooler | Classe A++ | 1845 x 595 x 650 mm (A x L x P,GRANDES DOMÉSTICOS,FRIGORIFICOS/COMBINADOS,FRIGORIF.1P NO FROST,sim
350013046794,Frigorifico Beko RSNE 445E33 X,46794,"559,00",70,BEKO,130,1 Porta No Frost | 445 L / 375 L | Cooler | Inox | Classe A++ | 1845 x 595 x 650 mm (A x L x P) | Inox,GRANDES DOMÉSTICOS,FRIGORIFICOS/COMBINADOS,FRIGORIF.1P NO FROST,sim
355013059006,Frigorifico Grundig GSN 10720,59006,"713,00",82,GRUNDIG,130,1 Porta No Frost | 445 L / 375 L | Cooler | Inox | Classe A++ | 1845 x 595 x 650 mm (A x L x P),GRANDES DOMÉSTICOS,FRIGORIFICOS/COMBINADOS,FRIGORIF.1P NO FROST,não
375001367028,Frigorifico Hisense RL423N4AW1,67028,"455,00",75,HISENSE,130,,GRANDES DOMÉSTICOS,FRIGORIFICOS/COMBINADOS,FRIGORIF.1P NO FROST,sim
350013046259,Frigorifico Beko DS 130021,46259,"358,00","56,5",BEKO,130,2 Portas | 300 L / 288 L (215/73) | Classe A+ | 1625 x 595 x 615 mm (A x L x P),GRANDES DOMÉSTICOS,FRIGORIFICOS/COMBINADOS,FRIGORIF.2 PORTAS,sim
350013046154,Frigorifico Beko DS 141120,46154,"431,00",73,BEKO,130,2 Portas | 410 L / 400 L (298/102) | Classe A+ | 1725 x 700 x 620 mm (A x L x P),GRANDES DOMÉSTICOS,FRIGORIFICOS/COMBINADOS,FRIGORIF.2 PORTAS,não
350013046896,Frigorifico Beko DSA 240K20 X,46896,"329,00",46,BEKO,130,2 Portas | 233 L /228 L (179/49) | Classe A+ | 1458 x 540 x 600 mm (A x L x P),GRANDES DOMÉSTICOS,FRIGORIFICOS/COMBINADOS,FRIGORIF.2 PORTAS,sim
350013046298,Frigorifico Beko DSA 28020,46298,"304,00",51,BEKO,130,2 Portas | 263 L / 259 L (210/49) | Classe A+  | 1598 x 540 x 600 mm (A x L x P),GRANDES DOMÉSTICOS,FRIGORIFICOS/COMBINADOS,FRIGORIF.2 PORTAS,sim
350013046297,Frigorifico Beko DSA 28020 S,46297,"334,00",46,BEKO,130,2 Portas | 263 L / 259 L (210/49) | Classe A+  | 1598 x 540 x 600 mm (A x L x P) | Silver,GRANDES DOMÉSTICOS,FRIGORIFICOS/COMBINADOS,FRIGORIF.2 PORTAS,sim
350013046308,Frigorifico Beko DSA 28021,46308,"304,00",51,BEKO,130,2 Portas | 263 L / 259 L (210/49) | Classe A+  | 1598 x 540 x 600 mm (A x L x P),GRANDES DOMÉSTICOS,FRIGORIFICOS/COMBINADOS,FRIGORIF.2 PORTAS,sim
350013046895,Frigorifico Beko RDSA 240K20 W,46895,"286,00",46,BEKO,130,2 Portas | 233 L /228 L (179/49) | Classe A+ | 1458 x 540 x 600 mm (A x L x P),GRANDES DOMÉSTICOS,FRIGORIFICOS/COMBINADOS,FRIGORIF.2 PORTAS,sim
350013046303,Frigorifico Beko RDSA 310M20,46303,"364,00",60,BEKO,130,2 Portas | 330 L / 318 L (245/73)| Classe A+ | 1740 x 595 x 615 mm (A x L x P),GRANDES DOMÉSTICOS,FRIGORIFICOS/COMBINADOS,FRIGORIF.2 PORTAS,sim
350013046302,Frigorifico Beko RDSA 310M20 X,46302,"392,00",68,BEKO,130,2 Portas | 330 L / 318 L (245/73)| Classe A+ | 1740 x 595 x 615 mm (A x L x P) | Inox,GRANDES DOMÉSTICOS,FRIGORIFICOS/COMBINADOS,FRIGORIF.2 PORTAS,sim
375001367022,Frigorifico Hisense RT326N4DW1,67022,"419,00",60,HISENSE,130,,GRANDES DOMÉSTICOS,FRIGORIFICOS/COMBINADOS,FRIGORIF.2 PORTAS,sim
375001367023,Frigorifico Hisense RT393D4AW1,67023,"330,00",61,HISENSE,130,,GRANDES DOMÉSTICOS,FRIGORIFICOS/COMBINADOS,FRIGORIF.2 PORTAS,não
350013046254,Frigorifico Beko DN  156720 DX,46254,"905,00",107,BEKO,130,2 Portas | 410 L | Wat. Disp. |  Classe A+ | 1850 x 740 x 680 (A x L x P) | ,GRANDES DOMÉSTICOS,FRIGORIFICOS/COMBINADOS,FRIGORIF.2P NO FROST,sim
350013046793,Frigorifico Beko DN 161220 DX,46793,"1 039,00",118,BEKO,130,No Frost | 611 L / 565 L (426/139) | Dispensador água |  Classe A+ (458 Kwh/ano) | 1820 x 840 x 745 mm ( A x L x P ) | Inox,GRANDES DOMÉSTICOS,FRIGORIFICOS/COMBINADOS,FRIGORIF.2P NO FROST,sim
350013046304,Frigorifico Beko RDNE 350K20 W,46304,"479,00",68,BEKO,130,2 Portas | 330 L | Classe A | No Frost | 1750 x 595 x 600 (A x L x P),GRANDES DOMÉSTICOS,FRIGORIFICOS/COMBINADOS,FRIGORIF.2P NO FROST,sim
350013046760,Frigorifico Beko RDNE 455E31 DZW,46760,"665,00",92,BEKO,130,2 Portas | 550 L / 436 L (350/86) | Wat. Disp. |  Classe A+ | 1930 x 700 x 685 mm (A x L x P),GRANDES DOMÉSTICOS,FRIGORIFICOS/COMBINADOS,FRIGORIF.2P NO FROST,sim
350013046799,Frigorifico Beko RDNE 455E31 ZX,46799,"719,00",90,BEKO,130,2 Portas | 455 L |  Classe A++ | 1820 x 700 x 680 (A x L x P) | Inox,GRANDES DOMÉSTICOS,FRIGORIFICOS/COMBINADOS,FRIGORIF.2P NO FROST,sim
350013046756,Frigorifico Beko RDNE 455K20 W,46756,"569,00",90,BEKO,130,2 Portas | 455 L |  Classe A+ | 1820 x 700 x 680 (A x L x P) | Branco,GRANDES DOMÉSTICOS,FRIGORIFICOS/COMBINADOS,FRIGORIF.2P NO FROST,sim
350013046340,Frigorifico Beko RDNE 535E31 ZX,46340,"739,00",92,BEKO,130,2 Portas | 550 L / 436 L (350/86) |  Classe A+ | 1930 x 700 x 685 mm (A x L x P) | Inox,GRANDES DOMÉSTICOS,FRIGORIFICOS/COMBINADOS,FRIGORIF.2P NO FROST,sim
350013046891,Frigorifico Beko RDNT 230I20 P,46891,"405,00",46,BEKO,130,2 Portas | 230 L /201 L (139/62) Titanium| Classe A+ | 1450 x 540 x 620 mm (A x L x P),GRANDES DOMÉSTICOS,FRIGORIFICOS/COMBINADOS,FRIGORIF.2P NO FROST,sim
350013046890,Frigorifico Beko RDNT 230I20 W,46890,"385,00",46,BEKO,130,2 Portas | 230 L /201 L (139/62) | Classe A+ | 1450 x 540 x 620 mm (A x L x P),GRANDES DOMÉSTICOS,FRIGORIFICOS/COMBINADOS,FRIGORIF.2P NO FROST,sim
350013046893,Frigorifico Beko RDNT 270I20 P,46893,"465,00",46,BEKO,130,2 Portas | 270 L /241 L (179/62) Titanium| Classe A+ | 1650 x 540 x 610 mm (A x L x P),GRANDES DOMÉSTICOS,FRIGORIFICOS/COMBINADOS,FRIGORIF.2P NO FROST,sim
350013046892,Frigorifico Beko RDNT 270I20 W,46892,"429,00",46,BEKO,130,2 Portas | 270 L /241 L (179/62) | Classe A+ | 1650 x 540 x 610 mm (A x L x P),GRANDES DOMÉSTICOS,FRIGORIFICOS/COMBINADOS,FRIGORIF.2P NO FROST,sim
375001367021,Frigorifico Hisense RT417N4DW1,67021,"464,00","70,4",HISENSE,130,,GRANDES DOMÉSTICOS,FRIGORIFICOS/COMBINADOS,FRIGORIF.2P NO FROST,sim
350013046307,Frigorifico SBS Beko GN 1416231 ZX,46307,"1 389,00",125,BEKO,130,SBS 4 portas | No Frost | 560 L | Ice Maker | Classe A++ | 1820 x 920 x 765 (A x L x P) | Inox,GRANDES DOMÉSTICOS,FRIGORIFICOS/COMBINADOS,FRIGORIF.AMERICANOS,sim
350013046346,Frigorifico SBS Beko GN 162320 X,46346,"1 205,00","133,5",BEKO,130,SBS | No Frost | 616 L / 526 L (375/151) | Ice Maker | Classe A+ | 1790 x 920 x 710 mm (A x L x P) | Inox,GRANDES DOMÉSTICOS,FRIGORIFICOS/COMBINADOS,FRIGORIF.AMERICANOS,sim
350013046347,Frigorifico SBS Beko GN 162420 X,46347,"1 269,00",132,BEKO,130,Side By Side | No Frost |616 L / 526 L (375/151) | Ice Maker | Classe A+ (447 Kwh/ano) | 1790 x 920 x 710 mm ( A x L x P ) | Inox,GRANDES DOMÉSTICOS,FRIGORIFICOS/COMBINADOS,FRIGORIF.AMERICANOS,sim
350013046344,Frigorifico SBS Beko GN 162530 X,46344,"1 259,00","133,5",BEKO,130,SBS | No Frost | 616 L / 526 L (375/151) | Ice Maker | Classe A++ | 1790 x 920 x 710 mm (A x L x P) | Inox,GRANDES DOMÉSTICOS,FRIGORIFICOS/COMBINADOS,FRIGORIF.AMERICANOS,sim
350013046343,Frigorifico SBS Beko GN 163121 X,46343,"963,00",124,BEKO,130,SBS | No Frost | 616 L / 526 L (375/151) | Classe A+ | 1780 x 925 x 730 mm (A x L x P),GRANDES DOMÉSTICOS,FRIGORIFICOS/COMBINADOS,FRIGORIF.AMERICANOS,sim
350013046348,Frigorifico SBS Beko GN 163220 S,46348,"979,00",125,BEKO,130,SBS | No Frost | 560 L | Wat. Disp. | Classe A+ | 1780 x 925 x 730 (A x L x P) | Silver,GRANDES DOMÉSTICOS,FRIGORIFICOS/COMBINADOS,FRIGORIF.AMERICANOS,sim
350013046798,Frigorifico SBS Beko GNE 134630 X,46798,"1 489,00","141,3",BEKO,130,Side By Side | No Frost | 605 L / 540 L (385/155) | 4 portas ( 1 multizona 77 L ) | Ice Maker | Classe A++ (453 Kwh) | 1820 x 920 x 720 mm ( A x L x P ) | Inox,GRANDES DOMÉSTICOS,FRIGORIFICOS/COMBINADOS,FRIGORIF.AMERICANOS,sim
350013046758,Frigorifico SBS Beko GNE 60530  DX,46758,"1 375,00",139,BEKO,130,Side By Side | No Frost | 550 L (396/154) | Dispensador de água | Classe A++ (458 kwh/ano) | 1825 x 840 x 745 mm ( A x L x P ) | Inox,GRANDES DOMÉSTICOS,FRIGORIFICOS/COMBINADOS,FRIGORIF.AMERICANOS,sim
355013059000,Frigorifico SBS Grundig GSBS 16820 FX,59000,"1 509,00",123,GRUNDIG,130,SBS | No Frost | 616 L / 526 L (375/151) | Ice Maker | Classe A++ | 1820 x 910 x 720 mm (A x L x P) | Inox,GRANDES DOMÉSTICOS,FRIGORIFICOS/COMBINADOS,FRIGORIF.AMERICANOS,sim
375001367103,Frigorifico SBS Hisense RQ562N4AC1,67103,"929,00",116,HISENSE,130,,GRANDES DOMÉSTICOS,FRIGORIFICOS/COMBINADOS,FRIGORIF.AMERICANOS,sim
375001367113,Frigorifico SBS Hisense RQ562N4GB1,67113,"1 049,00",126,HISENSE,130,,GRANDES DOMÉSTICOS,FRIGORIFICOS/COMBINADOS,FRIGORIF.AMERICANOS,sim
375001367107,Frigorifico SBS Hisense RQ562N4GW1,67107,"1 039,00",126,HISENSE,130,,GRANDES DOMÉSTICOS,FRIGORIFICOS/COMBINADOS,FRIGORIF.AMERICANOS,sim
375001367114,Frigorifico SBS Hisense RS669N4WC1,67114,"779,00",107,HISENSE,130,,GRANDES DOMÉSTICOS,FRIGORIFICOS/COMBINADOS,FRIGORIF.AMERICANOS,não
375001367108,Frigorifico SBS Hisense RS670N4HC2,67108,"784,00",107,HISENSE,130,,GRANDES DOMÉSTICOS,FRIGORIFICOS/COMBINADOS,FRIGORIF.AMERICANOS,sim
375001367112,Frigorifico SBS Hisense RS670N4HW1,67112,"699,00",107,HISENSE,130,,GRANDES DOMÉSTICOS,FRIGORIFICOS/COMBINADOS,FRIGORIF.AMERICANOS,sim
375001367115,Frigorifico SBS Hisense RS694N4TF2,67115,"1 349,00",121,HISENSE,130,,GRANDES DOMÉSTICOS,FRIGORIFICOS/COMBINADOS,FRIGORIF.AMERICANOS,sim
375001367111,Frigorifico SBS Hisense RS695N4IS2,67111,"1 169,00",121,HISENSE,130,,GRANDES DOMÉSTICOS,FRIGORIFICOS/COMBINADOS,FRIGORIF.AMERICANOS,sim
375001367110,Frigorifico SBS Hisense RS723N4WB1,67110,"820,00",110,HISENSE,130,,GRANDES DOMÉSTICOS,FRIGORIFICOS/COMBINADOS,FRIGORIF.AMERICANOS,não
375001367106,Frigorifico SBS Hisense RS723N4WC1,67106,"789,00",110,HISENSE,130,,GRANDES DOMÉSTICOS,FRIGORIFICOS/COMBINADOS,FRIGORIF.AMERICANOS,não
350033047593,Maq.Louça Beko DFS 05011 W,47593,"319,00","42,3",BEKO,135,10 Talheres | 45 cm | 5 Programas | Classe A+AA,GRANDES DOMÉSTICOS,MAQUINAS LAVAR LOUÇA,MLL DE 45 Cm,não
350033047600,Maq.Louça Beko DFS 05011 X,47600,"339,00","42,3",BEKO,135,10 Talheres | 5 Programas | Meia Carga | Classe A+AA | 45 cm,GRANDES DOMÉSTICOS,MAQUINAS LAVAR LOUÇA,MLL DE 45 Cm,sim
350033047612,Maq.Louça Beko DFS 28020 W,47612,"354,00","42,3",BEKO,135,10 Talheres | 8 Programas | Meia Carga | Classe A++AA | 45 cm,GRANDES DOMÉSTICOS,MAQUINAS LAVAR LOUÇA,MLL DE 45 Cm,sim
350033047615,Maq.Louça Beko DFN 05210 W,47615,"312,00",41,BEKO,135,12 Talheres | LED Control | 5 Programas | Classe A+AA,GRANDES DOMÉSTICOS,MAQUINAS LAVAR LOUÇA,MLL DE 60 Cm,sim
350033047616,Maq.Louça Beko DFN 05210 X,47616,"340,00",42,BEKO,135,15 Talheres | 5 Programas | Meia Carga | Classe A+AA,GRANDES DOMÉSTICOS,MAQUINAS LAVAR LOUÇA,MLL DE 60 Cm,sim
350033047626,Maq.Louça Beko DFN 16410 W,47626,"343,00","45,4",BEKO,135,12 Talheres | 6 Programas | Classe A-10AA,GRANDES DOMÉSTICOS,MAQUINAS LAVAR LOUÇA,MLL DE 60 Cm,sim
350033047627,Maq.Louça Beko DFN 16410 X,47627,"364,00","45,4",BEKO,135,12 Talheres | 6 Programas | Inox | Classe A+AA,GRANDES DOMÉSTICOS,MAQUINAS LAVAR LOUÇA,MLL DE 60 Cm,sim
350033047618,Maq.Louça Beko DFN 26420 W,47618,"383,00","46,5",BEKO,135,13 Talheres | Aqua intensive | 6 Programas | Classe A++AA,GRANDES DOMÉSTICOS,MAQUINAS LAVAR LOUÇA,MLL DE 60 Cm,sim
350033047619,Maq.Louça Beko DFN 26420 X,47619,"415,00","46,5",BEKO,135,13 Talheres | Aqua intensive | 6 Programas | Classe A++AA,GRANDES DOMÉSTICOS,MAQUINAS LAVAR LOUÇA,MLL DE 60 Cm,sim
350033047598,Maq.Louça Beko DFN 28321 W,47598,"405,00","48,4",BEKO,135,13 Talheres | Mini LCD | 8 Programas | Classe A++AA | Branca,GRANDES DOMÉSTICOS,MAQUINAS LAVAR LOUÇA,MLL DE 60 Cm,sim
350033047604,Maq.Louça Beko DFN 28330 W,47604,"429,00",50,BEKO,135,13 Talheres | Aqua intensive | 8 Programas | Classe A+++AA,GRANDES DOMÉSTICOS,MAQUINAS LAVAR LOUÇA,MLL DE 60 Cm,não
350033047629,Maq.Louça Beko DFN 28422 X,47269,"433,00",50,BEKO,135,14 Talheres | Aqua intensive | 8 Programas | Classe A++AA,GRANDES DOMÉSTICOS,MAQUINAS LAVAR LOUÇA,MLL DE 60 Cm,sim
350033047624,Maq.Louça Beko DFN 28430 W,47624,"414,00",50,BEKO,135,13 Talheres | Aqua intensive | 8 Programas | Classe A+++AA,GRANDES DOMÉSTICOS,MAQUINAS LAVAR LOUÇA,MLL DE 60 Cm,sim
350033047623,Maq.Louça Beko DFN 28430 X,47623,"454,00",50,BEKO,135,14 Talheres | Aqua intensive | 8 Programas | Classe A+++AA,GRANDES DOMÉSTICOS,MAQUINAS LAVAR LOUÇA,MLL DE 60 Cm,sim
355033059501,Maquina Louça Grundig GNF 41820,59501,"525,00","48,4",GRUNDIG,135,13 Talheres | Mini LCD | 8 Programas | Classe A++AA | Branca,GRANDES DOMÉSTICOS,MAQUINAS LAVAR LOUÇA,MLL DE 60 Cm,sim
355033059500,Maquina Louça Grundig GNF 41820 X,59500,"577,00","48,4",GRUNDIG,135,13 Talheres | Mini LCD | 8 Programas | Classe A++AA | Inox,GRANDES DOMÉSTICOS,MAQUINAS LAVAR LOUÇA,MLL DE 60 Cm,sim
355033059504,Maquina Louça Grundig GNF 41823 X,59504,"0,00","48,4",GRUNDIG,135,13 Talheres | Mini LCD | 8 Programas | Classe A++AA | Inox,GRANDES DOMÉSTICOS,MAQUINAS LAVAR LOUÇA,MLL DE 60 Cm,sim
350032047167,Maquina Lavar Beko WCC 8502 BWO,47167,"315,00",64,BEKO,135,1000 RPM Variável - 8 Kg - Display Digital - Classe A+++ -,GRANDES DOMÉSTICOS,MAQUINAS LAVAR ROUPA,MLR CARGA FRONTAL,não
350032047124,Maquina Lavar Beko WCV 7612 BWO,47124,"299,00",65,BEKO,135,1200 RPM Variável - 7 Kg - Óculo Grande XL - Electrónica - Volumax - Display Digital - Classe A+++AC,GRANDES DOMÉSTICOS,MAQUINAS LAVAR ROUPA,MLR CARGA FRONTAL,sim
350032047125,Maquina Lavar Beko WCV 8512 BWO,47125,"315,00",65,BEKO,135,1000 RPM Variável - 8 Kg - Óculo Grande XL - Electrónica - Volumax - Display Digital - Classe A+++AC,GRANDES DOMÉSTICOS,MAQUINAS LAVAR ROUPA,MLR CARGA FRONTAL,sim
350032047098,Maquina Lavar Beko WMB 61021 M,47098,"269,00",64,BEKO,135,1000 RPM Variável | 6 Kg | Óculo Grande XL | LED Display | Classe A+AC,GRANDES DOMÉSTICOS,MAQUINAS LAVAR ROUPA,MLR CARGA FRONTAL,não
350032047179,Maquina Lavar Beko WMP 11744 XW,47179,"555,00",85,BEKO,135,1400 RPM Variável - 11 Kg - Óculo Grande XL - LCD Display (grande) - Eletrónica - Classe A+++-10AB,GRANDES DOMÉSTICOS,MAQUINAS LAVAR ROUPA,MLR CARGA FRONTAL,sim
350032047176,Maquina Lavar Beko WMY 121444 LB1,47176,"659,00",85,BEKO,135,1400 RPM Variável - 12 Kg - Óculo Grande XL - Electrónica - Classe A++,GRANDES DOMÉSTICOS,MAQUINAS LAVAR ROUPA,MLR CARGA FRONTAL,não
350032047163,Maquina Lavar Beko WMY 71083 LMXB2,47163,"399,00",64,BEKO,135,1000 RPM Variável - 7 Kg - Display Digital - Classe A+++ - Inox,GRANDES DOMÉSTICOS,MAQUINAS LAVAR ROUPA,MLR CARGA FRONTAL,não
350032047180,Maquina Lavar Beko WMY 71283 LMXB3,47180,"407,00",65,BEKO,135,1200 RPM Variável - 7 Kg - Óculo Grande XL - Electrónica - Volumax - Display Digital - Classe A+++AB,GRANDES DOMÉSTICOS,MAQUINAS LAVAR ROUPA,MLR CARGA FRONTAL,sim
350032047160,Maquina Lavar Beko WMY 71283 PTLMB2,47160,"346,00",65,BEKO,135,1200 RPM Variável - 7 Kg - Óculo Grande XL - Electrónica - Volumax - Display Digital - Classe A+++AB,GRANDES DOMÉSTICOS,MAQUINAS LAVAR ROUPA,MLR CARGA FRONTAL,não
350032047174,Maquina Lavar Beko WMY 81283 LMB3,47174,"357,00",72,BEKO,135,1200 RPM Variável - 8 Kg - Óculo Grande XL - Electrónica - Volumax - Display Digital - Classe A+++AB,GRANDES DOMÉSTICOS,MAQUINAS LAVAR ROUPA,MLR CARGA FRONTAL,sim
350032047162,Maquina Lavar Beko WMY 81283 LMXB2,47162,"496,00",72,BEKO,135,1200 RPM Variável - 8 Kg - Óculo Grande - Electrónica - Classe A++,GRANDES DOMÉSTICOS,MAQUINAS LAVAR ROUPA,MLR CARGA FRONTAL,sim
350032047173,Maquina Lavar Beko WMY 81483 LMB2,47173,"367,00",72,BEKO,135,1400 RPM Variável - 8 Kg - Óculo Grande XL - Electrónica - Volumax - Display Digital - Classe A+++AB,GRANDES DOMÉSTICOS,MAQUINAS LAVAR ROUPA,MLR CARGA FRONTAL,sim
350032047129,Maquina Lavar Beko WMY 81483 LMXB3,47129,"515,00",72,BEKO,135,1400 RPM Variável - 8 Kg - Óculo Grande - Electrónica - Classe A++,GRANDES DOMÉSTICOS,MAQUINAS LAVAR ROUPA,MLR CARGA FRONTAL,sim
350032047170,Maquina Lavar Beko WMY 91443 LB1,47170,"455,00",77,BEKO,135,1400 RPM Variável - 9 Kg - Óculo Grande XL - LCD Display (grande) - Eletrónica - Classe A++,GRANDES DOMÉSTICOS,MAQUINAS LAVAR ROUPA,MLR CARGA FRONTAL,sim
350032047178,Maquina Lavar Beko WMY 91483 LB3,47178,"455,00",77,BEKO,135,1400 RPM Variável - 9 Kg - Óculo Grande XL - LCD Display (grande) - Eletrónica - Classe A++,GRANDES DOMÉSTICOS,MAQUINAS LAVAR ROUPA,MLR CARGA FRONTAL,sim
350032047130,Maquina Lavar Beko WTE 6511 BW,47130,"269,00",59,BEKO,135,1000 RPM Variável | 6 Kg | Óculo Grande XL | LED Display | Classe A+++AC,GRANDES DOMÉSTICOS,MAQUINAS LAVAR ROUPA,MLR CARGA FRONTAL,sim
350032047131,Maquina Lavar Beko WTE 7532 BCX,47131,"365,00",76,BEKO,135,1000 RPM Variável - 7 Kg - Display Digital 7 segmentos - Classe A++AC - Inox,GRANDES DOMÉSTICOS,MAQUINAS LAVAR ROUPA,MLR CARGA FRONTAL,sim
350032047169,Maquina Lavar Beko WTV 8602 XSOX,47169,"440,00",72,BEKO,135,1200 RPM Variável - 8 Kg - Óculo Grande XL - Electrónica - Mini LCD Display - Classe A+++AB -  Inox,GRANDES DOMÉSTICOS,MAQUINAS LAVAR ROUPA,MLR CARGA FRONTAL,sim
350032047128,Maquina Lavar Beko WTV 8632 XCX,47128,"440,00",72,BEKO,135,1200 RPM Variável - 8 Kg - Óculo Grande XL - Electrónica - Mini LCD Display - Classe A+++AB -  Inox,GRANDES DOMÉSTICOS,MAQUINAS LAVAR ROUPA,MLR CARGA FRONTAL,sim
350032047126,Maquina Lavar Beko WTV 9612 XWO,47126,"390,00",74,BEKO,135,1200 RPM Variável - 9 Kg - Óculo Grande XL - Electrónica - LCD Display - Alumínio - Classe A+++AB,GRANDES DOMÉSTICOS,MAQUINAS LAVAR ROUPA,MLR CARGA FRONTAL,sim
355032059301,Maquina Lavar Grundig GWN 37430,59301,"437,00",75,GRUNDIG,135,1400 RPM Variável - 7 Kg - Óculo Grande XL - Electrónica - Volumax - Display Digital - Classe A+++AB,GRANDES DOMÉSTICOS,MAQUINAS LAVAR ROUPA,MLR CARGA FRONTAL,sim
355032059303,Maquina Lavar Grundig GWN 38230,59303,"455,00",75,GRUNDIG,135,1200 RPM Variável - 8 Kg - Óculo Grande XL - Electrónica - Volumax - Display Digital - Classe A+++AB,GRANDES DOMÉSTICOS,MAQUINAS LAVAR ROUPA,MLR CARGA FRONTAL,sim
355032059302,Maquina Lavar Grundig GWN 49430,59302,"516,00",77,GRUNDIG,135,1400 RPM Variável - 9 Kg - Óculo Grande XL - Electrónica - Volumax - Display Digital - Classe A+++(-10%)AB,GRANDES DOMÉSTICOS,MAQUINAS LAVAR ROUPA,MLR CARGA FRONTAL,não
375032067210,Máquina Roupa Hisense WFBJ90121,67210,"392,00",76,HISENSE,135,,GRANDES DOMÉSTICOS,MAQUINAS LAVAR ROUPA,MLR CARGA FRONTAL,sim
375032067207,Máquina Roupa Hisense WFDJ7010,67207,"312,00",76,HISENSE,135,,GRANDES DOMÉSTICOS,MAQUINAS LAVAR ROUPA,MLR CARGA FRONTAL,não
375032067206,Máquina Roupa Hisense WFEA6010,67206,"275,00",65,HISENSE,135,,GRANDES DOMÉSTICOS,MAQUINAS LAVAR ROUPA,MLR CARGA FRONTAL,sim
375032067212,Máquina Roupa Hisense WFEH1014VJ,67212,"519,00",76,HISENSE,135,,GRANDES DOMÉSTICOS,MAQUINAS LAVAR ROUPA,MLR CARGA FRONTAL,sim
375032067211,Máquina Roupa Hisense WFP9014V,67211,"0,00",78,HISENSE,135,,GRANDES DOMÉSTICOS,MAQUINAS LAVAR ROUPA,MLR CARGA FRONTAL,sim
350032047495,Maquina Lavar e Secar Beko HTV 8633 XSO,47495,"515,00",60,BEKO,135,1200 RPM Variável | 8 Kg | Classe A+AD | 5 Kg secagem,GRANDES DOMÉSTICOS,MAQUINAS LAVAR ROUPA,MLR LAVAR E SECAR ROUPA,sim
350032047220,Maquina Secar Beko DC 7130,47220,"348,00",37,BEKO,135,Secador P/Condensação | 15 Programas | 7 Kg | Controlo de Humidade Eletrónico | Classe: B,GRANDES DOMÉSTICOS,MAQUINAS SECAR ROUPA,MSR POR CONDENSAÇÃO,sim
350032047216,Maquina Secar Beko DCU 7230,47216,"344,00",38,BEKO,135,Secador P/Condensação | 15 Programas | 7 Kg | Controlo Humidade Eletrónico | Classe B,GRANDES DOMÉSTICOS,MAQUINAS SECAR ROUPA,MSR POR CONDENSAÇÃO,sim
350032047235,Maquina Secar Beko DCY 8402 XW3,47235,"396,00",38,BEKO,135,Secador P/Condensação | 15 Programas | Display digital | 8 Kg | Controlo Humidade Eletrónico | Classe: B,GRANDES DOMÉSTICOS,MAQUINAS SECAR ROUPA,MSR POR CONDENSAÇÃO,sim
350032047237,Maquina Secar Beko DH 9433 RXO,47237,"615,00",53,BEKO,135,Secador P/Condensação c/Bomba Calor | 16 Programas | Display digital | 9 Kg | Controlo Humidade Eletrónico | Classe A++,GRANDES DOMÉSTICOS,MAQUINAS SECAR ROUPA,MSR POR CONDENSAÇÃO,sim
350032047239,Maquina Secar Beko DHS 7412 PA0,47239,"480,00",53,BEKO,135,Secador P/Condensação c/Bomba Calor | 16 Programas | 7 Kg | Classe A-30,GRANDES DOMÉSTICOS,MAQUINAS SECAR ROUPA,MSR POR CONDENSAÇÃO,sim
350032047240,Maquina Secar Beko DHS 8312 PA0,47240,"479,00",53,BEKO,135,Secador P/Condensação c/Bomba Calor | 16 Programas | LCD Display (grande) | 8 Kg | Controlo Humidade Eletrónico | Classe A+,GRANDES DOMÉSTICOS,MAQUINAS SECAR ROUPA,MSR POR CONDENSAÇÃO,sim
350032047233,Maquina Secar Beko DPS 7205 W3,47233,"481,00",53,BEKO,135,Secador P/Condensação c/Bomba Calor | 11 Programas | 7 Kg | Classe A-30,GRANDES DOMÉSTICOS,MAQUINAS SECAR ROUPA,MSR POR CONDENSAÇÃO,não
350032047232,Maquina Secar Beko DPS 7405 GB5,47232,"546,00",53,BEKO,135,Secador P/Condensação c/Bomba Calor | 16 Programas | 7 Kg | Classe A-30,GRANDES DOMÉSTICOS,MAQUINAS SECAR ROUPA,MSR POR CONDENSAÇÃO,sim
350032047231,Maquina Secar Beko DPY 8405 GXB2,47231,"590,00",53,BEKO,135,Secador P/Condensação c/Bomba Calor | 16 Programas | Display digital | 8 Kg | Controlo Humidade Eletrónico | Classe A++,GRANDES DOMÉSTICOS,MAQUINAS SECAR ROUPA,MSR POR CONDENSAÇÃO,sim
350032047230,Maquina Secar Beko DPY 8506 GXB1,47230,"649,00",53,BEKO,135,Secador P/Condensação c/Bomba Calor | 16 Programas | LCD Display (grande) | 8 Kg | Controlo Humidade Eletrónico | Classe A+++,GRANDES DOMÉSTICOS,MAQUINAS SECAR ROUPA,MSR POR CONDENSAÇÃO,sim
350032047234,Maquina Secar Beko DU 9133 PA0,47234,"404,00",41,BEKO,135,Secador P/Condensação | 16 Programas | LCD Display | 9 Kg | Classe B,GRANDES DOMÉSTICOS,MAQUINAS SECAR ROUPA,MSR POR CONDENSAÇÃO,sim
350032047204,Maquina Secar Beko DV 7110,47204,"247,00",33,BEKO,135,Secador P/Evacuação | 7 Kg | 8 Programas | Classe: C,GRANDES DOMÉSTICOS,MAQUINAS SECAR ROUPA,MSR POR EXAUSTÃO,sim
350020048307,Microondas Beko  MGC 20100 W,48307,"72,40","14,4",BEKO,190,20L | Grill | Mecânico | Branco,GRANDES DOMÉSTICOS,MICROONDAS,MO - COM GRILL,sim
350020048306,Microondas Beko  MOC 20100 W,48306,"66,80","14,4",BEKO,190,20L | Mecânico | Branco,GRANDES DOMÉSTICOS,MICROONDAS,MO - SEM GRILL,sim
MMH000,"LCD Grundig 22"" Vision 4 22 VLE 4520 BF",MMH000,"199,00",4,GRUNDIG,250,,IMAGEM E SOM,TELEVISÃO,"TV LED 22""",sim
MMR000,"LCD Grundig 22"" Vision 5 22 VLE 5520 WG",MMR000,"209,00",4,GRUNDIG,250,,IMAGEM E SOM,TELEVISÃO,"TV LED 22""",sim
RHR000,"LCD Grundig 24"" Vision 4 24 VLE 4720 BN",RHR000,"219,00","3,6",GRUNDIG,250,,IMAGEM E SOM,TELEVISÃO,"TV LED 24""",sim
MMJ000,"LCD Grundig 28"" Vision 4 28 VLE 4500 BF",MMJ000,"289,00","4,4",GRUNDIG,250,,IMAGEM E SOM,TELEVISÃO,"TV LED 27""",não
RHS000,"LCD Grundig 32"" Vision 4 32 VLE 4720 BN",RHS000,"289,00",6,GRUNDIG,250,,IMAGEM E SOM,TELEVISÃO,"TV LED 32""",sim
RCW000,"LCD Grundig 32"" Vision 6 32 VLE 6730 BP",RCW000,"349,00","7,8",GRUNDIG,250,,IMAGEM E SOM,TELEVISÃO,"TV LED 32""",sim
RPE000,"LCD Grundig 32"" Vision 6 32 VLE 6735 BP",RPE000,"349,00","7,8",GRUNDIG,250,,IMAGEM E SOM,TELEVISÃO,"TV LED 32""",sim
MMM000,"LCD Grundig 40"" Vision 4 40 VLE 4520 BF",MMM000,"419,00",8,GRUNDIG,250,,IMAGEM E SOM,TELEVISÃO,"TV LED 40""",não
RHT000,"LCD Grundig 40"" Vision 4 40 VLE 4720 BN",RHT000,"399,00",8,GRUNDIG,250,,IMAGEM E SOM,TELEVISÃO,"TV LED 40""",não
RGM000,"LCD Grundig 40"" Vision 6 40 VLE 6730 BP",RGM000,"449,00",12,GRUNDIG,250,,IMAGEM E SOM,TELEVISÃO,"TV LED 40""",sim
RGN000,"LCD Grundig 43"" Vision 6 43 VLE 6730 BP",RGN000,"489,00","11,3",GRUNDIG,250,,IMAGEM E SOM,TELEVISÃO,"TV LED 42""",não
PZP000,"LCD Grundig 49"" Vision 7 49 VLX 7730 BP",PZP000,"619,00","7,9",GRUNDIG,250,,IMAGEM E SOM,TELEVISÃO,"TV LED+46""",não
PGM000,"LCD Grundig 55"" Vision 6 55 VLE 6621 BP",PGM000,"659,00","20,5",GRUNDIG,250,,IMAGEM E SOM,TELEVISÃO,"TV LED+46""",não
RRF000,"LCD Grundig 65"" Vision 7 65 VLX 7730 BP",RRF000,"1 259,00",51,GRUNDIG,250,,IMAGEM E SOM,TELEVISÃO,"TV LED+46""",sim
275048060062,"LCD Hisense 55"" H55N6800",60062,"1 219,00",25,HISENSE,250,140cm | ULED UHD | SMART TV Vidaa 2.0 | WiFi | DLNA | Quad Core | TV LED | 4 HDMI | 1 USB 2.0 | Função ECO | SMR 800Hz | Modo HOTEL | Sintonizador  Satélite,IMAGEM E SOM,TELEVISÃO,"TV LED+46""",sim
250048045040,TV 74 cm Beko TVC29S10PFNX 100,45040,"380,00","37,5",BEKO,220,Flat | TXT | Stereo ,IMAGEM E SOM,TELEVISÃO,"TV 4x3 DE 25"" STEREO",sim
350086048743,Aquecedor eléctrico água Beko BWH 100 EUC,48743,"189,00","34,5",BEKO,190,2000 W |  | 100 Lt | Instalação vertical | Classe C | Consumo anual 2813 Kwh,GRANDES DOMÉSTICOS,TERMOACUMULADORES,TERMOACUMULADORES - ELÉCTRICOS,não
350086048745,Aquecedor eléctrico água Beko BWH 50 EUC,48745,"140,00","21,5",BEKO,190,2000 W |  | 50 Lt | Instalação vertical | Classe C | Consumo anual 1433 Kwh,GRANDES DOMÉSTICOS,TERMOACUMULADORES,TERMOACUMULADORES - ELÉCTRICOS,não
350086048744,Aquecedor eléctrico água Beko BWH 80 EUC,48744,"168,00",29,BEKO,190,2000 W |  | 80 Lt | Instalação vertical | Classe C | Consumo anual 1467 Kwh,GRANDES DOMÉSTICOS,TERMOACUMULADORES,TERMOACUMULADORES - ELÉCTRICOS,sim
375089060700,Desumidificador Hisense DH-25K4HDL,60700,"205,00",20,HISENSE,190,,CLIMATIZAÇÃO,TRATAMENTO DE AR,DESUMIDIFICADORES,sim
375065069551,Painel Superior Cassete 18000BTU PE-BA-B29,69551,"0,00",5,HISENSE,105,,ACESSÓRIOS E BATERIAS,ACESSÓRIOS E BATERIAS,ACESSÓRIOS,sim
350076048116,Exaustor Tradicional Beko CFB 9433 X,48116,"122,00",12,BEKO,115,Exaustor Standard 90 cm | Inox | 350 m3/h | 2 Motores,GRANDES DOMÉSTICOS,ENCASTRE - EXAUSTOR/EXTRATORES,EXAUST.CONVENCIONAIS,sim
GMK8600,Secador Cabelo Grundig HD 2509,GMK8600,"13,90","0,455",GRUNDIG,190,,PEQUENOS DOMÉSTICOS,ASSEIO PESSOAL,SECADORES DE CABELO,sim
GMN2140,Máquina Barbear Grundig MS 6640,GMN2140,"39,49","0,535",GRUNDIG,190,,PEQUENOS DOMÉSTICOS,ASSEIO PESSOAL,MAQUINAS DE BARBEAR,sim
350070048917,Filtro Carbono Exaustor Beko (2 Pcs)(CCB6487X) 9179183012,48917,"12,00","0,5",BEKO,800,,ACESSÓRIOS E BATERIAS,ACESSÓRIOS E BATERIAS,ACESSÓRIOS,sim
350013046195,Congelador Vert.  Beko FNE 19930,46195,"397,00",47,BEKO,120,No Frost | 190 L / 157 L | 5 Gavetas | Classe A+ | 1456 x 540 x 595 mm (A x L x P),GRANDES DOMÉSTICOS,CONGELADORES,VERTICAIS,sim
350013046829,Frigorifico Integ. Beko LBI  3001,46829,"477,00",59,BEKO,115,1 Porta | 310 L | Larder | Classe A+ | 1765 x 540 x 535 (A x L x P),GRANDES DOMÉSTICOS,ENCASTRE - FRIO,FRIGORIFICOS,sim
350028048551,Placa Encast. Beko HISW 64222 S,48551,"215,00","13,2",BEKO,115,Placa 60 cm | 4 Cristal Gás (3 Standard + 1 Wok) | Ignição Electrónica | Válvula Segurança | Grelhas de Esmalte | Botões Cilindricos,GRANDES DOMÉSTICOS,ENCASTRE - MESAS,VITROCERÂMICAS C/GÁS,sim
350013046345,Frigorifico SBS Beko GN 163120 X,46345,"963,00",124,BEKO,130,SBS | No Frost | 616 L / 526 L (375/151) | Classe A+ | 1780 x 925 x 730 mm (A x L x P),GRANDES DOMÉSTICOS,FRIGORIFICOS/COMBINADOS,FRIGORIF.AMERICANOS,sim
375065060550,Ar Condicionado Hisense Multi (Unid.Ext.) AMW2-20U4SZD1,60550,"786,00","52,5",HISENSE,105,,CLIMATIZAÇÃO,AR CONDICIONADO,AR COND.MULTI-SPLIT,sim
350013046360,Frigorifico Beko TS 190320,46360,"192,00",24,BEKO,130,1 Porta | 100 L / 96 L (86/10) | Table Top | Classe A+ | 818 x 475 x 530 mm (A x L x P),GRANDES DOMÉSTICOS,FRIGORIFICOS/COMBINADOS,FRIGORIF.1 PORTA,sim
350013046361,Frigorifico Beko TS 190020,46361,"188,00",26,BEKO,130,1 Porta | 90 L / 88 L | Top Larder | Classe A+ | 818 x 475 x 530 (A x L x P),GRANDES DOMÉSTICOS,FRIGORIFICOS/COMBINADOS,FRIGORIF.1 PORTA,sim
350013046392,Congelador Vert. Beko FS 166020,46392,"206,00","29,1",BEKO,120,66 L / 65 L | 3 Gavetas | Classe A+ | 818 x 475 x 530 (A x L x P),GRANDES DOMÉSTICOS,CONGELADORES,VERTICAIS,sim
350019048067,Forno Encast. Beko BIM 25400 XMS,48067,"385,00","43,9",BEKO,115,Forno Multifunções (12) | Programador Digital (A.D.) | Prateleira Telescópica  | 65 lt. | 43 dbA | Vitreous Line,GRANDES DOMÉSTICOS,ENCASTRE - FORNOS,INDEPENDENTES - ELÉCTRICOS,sim
375001367156,Arca Vertical Hisense FV181N4AW1,67156,"345,00",51,HISENSE,130,,GRANDES DOMÉSTICOS,CONGELADORES,VERTICAIS,sim
350019048078,Forno Encast. Beko BCE 12300 X,48078,"289,00",30,BEKO,115,Forno Multifunções (6) | 48 Lt | Programador Digital | Compacto | 43 dbA | 60 cm,GRANDES DOMÉSTICOS,ENCASTRE - FORNOS,INDEPENDENTES - ELÉCTRICOS,sim
350019048076,Forno Encast. Beko BCW 15500 X,48076,"709,00",41,BEKO,115,Forno Multifunções (12) | Steamaid cooking function  + Microondas|  48 Lt |   Parede traseira catalítica | Programador digital Touch Control | Prateleira telescópica | 65 lt | 43 dbA,GRANDES DOMÉSTICOS,ENCASTRE - FORNOS,INDEPENDENTES - ELÉCTRICOS,sim
375065069523,Unidade Exterior Hisense AST-12UW4SVE10,69523,"0,00",31,HISENSE,105,,CLIMATIZAÇÃO,AR CONDICIONADO,AR COND.MULTI-SPLIT,sim
375065069525,Unidade Exterior Hisense AST-18UW4SFA10,69525,"0,00",41,HISENSE,105,,CLIMATIZAÇÃO,AR CONDICIONADO,AR COND.MULTI-SPLIT,sim
375065069527,Unidade Exterior Hisense AST-24UW4SDB10,69527,"0,00",59,HISENSE,105,,CLIMATIZAÇÃO,AR CONDICIONADO,AR COND.MULTI-SPLIT,sim
375065069608,Unidade Interior Wintair WAS-09UR4STE,69608,"159,00",10,HISENSE,105,,CLIMATIZAÇÃO,AR CONDICIONADO,AR COND.MULTI-SPLIT,sim
375065069610,Unidade Interior Wintair WAS-12UR4STE,69610,"166,00",10,HISENSE,105,,CLIMATIZAÇÃO,AR CONDICIONADO,AR COND.MULTI-SPLIT,sim
375065069552,Painel Superior Cassete 24/60BTU WPE-CA-B29,69552,"0,00",15,HISENSE,105,,ACESSÓRIOS E BATERIAS,ACESSÓRIOS E BATERIAS,ACESSÓRIOS,sim
350013046838,Combinado Int. Beko BCHA 275K2 S,46838,"516,00",63,BEKO,115,283 L / 240 L (190/50) Semi No Frost | 3 Gavetas | Classe: A+ | 1770 x 540 x 535 mm (A x L x P),GRANDES DOMÉSTICOS,ENCASTRE - FRIO,COMBINADOS,sim
350017048655,Fogão Gás Beko FSM 62320 DXS,48655,"410,00",54,BEKO,110,4 Gás c/ Válvula Segurança | Forno Eléctrico | Programador Digital | Multifunções (8) | Classe: A-10 | Inox | 60 x 60,GRANDES DOMÉSTICOS,FOGÕES,FOGÕES C/GÁS,sim
375001367160,Arca Vertical Hisense FV105D4AW2,67160,"216,00","34,5",HISENSE,130,,GRANDES DOMÉSTICOS,CONGELADORES,VERTICAIS,sim
350076048128,Exaustor Chaminé Beko HCA 62640 W,48128,"289,00","18,799999",BEKO,115,Exaustor de Chaminé 60 cm | Inox / Preto | 740 m3/h | 1 Turbina,GRANDES DOMÉSTICOS,ENCASTRE - EXAUSTOR/EXTRATORES,EXAUST.DE CHAMINÉ,sim
375065060552,Ar Condicionado Hisense Multi (Unid.Ext.) AMW3-24U4SAD1,60552,"1 307,00",77,HISENSE,105,,CLIMATIZAÇÃO,AR CONDICIONADO,AR COND.MULTI-SPLIT,sim
355013059007,Combinado Grundig GKN 17920 X,59007,"1 109,00",90,GRUNDIG,130,No Frost | 520 L / 450 L (326/124) | 3 gavetas | Classe A++ | 1915 x 700 x 680 mm ( A x L x P )| Inox,GRANDES DOMÉSTICOS,FRIGORIFICOS/COMBINADOS,COMBINADOS NO FROST,sim
355033059502,Maquina Louça Grundig GSF 41820 X,59502,"585,00","42,3",GRUNDIG,135,10 Talheres | Mini LCD | 8 Programas | Classe A++AA | Inox,GRANDES DOMÉSTICOS,MAQUINAS LAVAR LOUÇA,MLL DE 60 Cm,sim
350013046236,Combinado Beko RCHA 270K20 W,46236,"381,00",69,BEKO,130,Semi No Frost | 273 L (193/80) | 3 Gavetas | Classe A+ (304 Kwh/ano) | 1705 x 540 x 600 ( A x L x P ) | Branco,GRANDES DOMÉSTICOS,FRIGORIFICOS/COMBINADOS,COMBINADOS NO FROST,sim
350033047625,Maq.Louça Beko DFN 39431 X,47625,"479,00",50,BEKO,135,14 Talheres | Aqua intensive | 9 Programas | Ever Clean filter  | Classe A+++AA,GRANDES DOMÉSTICOS,MAQUINAS LAVAR LOUÇA,MLL DE 60 Cm,sim
350032047181,Maquina Lavar Beko WMP 8744 XD,47181,"515,00",72,BEKO,135,1200 RPM Variável - 8 Kg - Óculo Grande XL - Electrónica - Mini LCD Display - Classe A+++AB -  Inox,GRANDES DOMÉSTICOS,MAQUINAS LAVAR ROUPA,MLR CARGA FRONTAL,sim
350032047197,Maq.Integ. Beko WITV 8712 XW0,47197,"495,00",73,BEKO,115,1400 RPM Variável - 8 Kg - Óculo Grande - Mini LCD - Variável - Classe A+++AB,GRANDES DOMÉSTICOS,ENCASTRE - MAQ.L.ROUPA,MAQ.LAVAR ROUPA,sim
350028048565,Placa Encast. Beko HII 64400 AT,48565,"325,00","12,7",BEKO,115,Placa 60 cm | 4 Indução Magnética | Touch Control | Timer,GRANDES DOMÉSTICOS,ENCASTRE - MESAS,DE INDUÇÃO,sim
355013059010,Frigorifico SBS Grundig GQN 21220 X,59010,"2 719,00",123,GRUNDIG,130,SBS | No Frost | 616 L / 526 L (375/151) | Ice Maker | Classe A++ | 1820 x 910 x 720 mm (A x L x P) | Inox,GRANDES DOMÉSTICOS,FRIGORIFICOS/COMBINADOS,FRIGORIF.AMERICANOS,sim
350033059508,Maquina Louça Integ. Grundig GNV 41835,59508,"830,00","48,4",GRUNDIG,115,14 Talheres | Mini LCD | 8 Programas | Classe A+++AA | Total integração,GRANDES DOMÉSTICOS,ENCASTRE - MAQ.LOUÇA,MAQ.LAVAR LOUÇA 60 Cm,sim
350065069208,Unidade Exterior Beko BEVCA 241,69208,"0,00",0,BEKO,105,,CLIMATIZAÇÃO,AR CONDICIONADO,AR COND.MULTI-SPLIT,sim
350065069207,Unidade Interior Beko BEVCA 240,69207,"0,00",0,BEKO,105,,CLIMATIZAÇÃO,AR CONDICIONADO,AR COND.MULTI-SPLIT,sim
375065069553,Painel Superior Cassete 24000BTU PE-DA-B29,69553,"0,00","9,5",HISENSE,105,,CLIMATIZAÇÃO,AR CONDICIONADO,AR COND.MULTI-SPLIT,sim
375065069565,Unidade Interior Hisense ACT52UR4SAA3,69565,"0,00",26,HISENSE,105,,CLIMATIZAÇÃO,AR CONDICIONADO,AR COND.MULTI-SPLIT,sim
375065069567,Unidade Interior Hisense AUC105UR4SGB3,69567,"0,00",36,HISENSE,105,,CLIMATIZAÇÃO,AR CONDICIONADO,AR COND.MULTI-SPLIT,sim
375065069566,Unidade Exterior Hisense AUW52U4SF3,69566,"0,00",49,HISENSE,105,,CLIMATIZAÇÃO,AR CONDICIONADO,AR COND.MULTI-SPLIT,sim
375065069568,Unidade Exterior Hisense AUW105U4SA3,69568,"0,00",80,HISENSE,105,,CLIMATIZAÇÃO,AR CONDICIONADO,AR COND.MULTI-SPLIT,sim
375065069658,Unidade Interior Hisense AST-09UW4SDJ10,69658,"169,00",11,HISENSE,105,,CLIMATIZAÇÃO,AR CONDICIONADO,AR COND.MULTI-SPLIT,sim
375065069659,Unidade Interior Hisense AST-12UW4SDJ10,69659,"176,00",11,HISENSE,105,,CLIMATIZAÇÃO,AR CONDICIONADO,AR COND.MULTI-SPLIT,sim
375065069660,Unidade Interior Hisense AST-18UW4SDJ10,69660,"0,00",14,HISENSE,105,,CLIMATIZAÇÃO,AR CONDICIONADO,AR COND.MULTI-SPLIT,sim
375065069661,Unidade Interior Hisense AST-24UW4SDJ10,69661,"0,00",16,HISENSE,105,,CLIMATIZAÇÃO,AR CONDICIONADO,AR COND.MULTI-SPLIT,sim
375065069572,Unidade Exterior Hisense AUW175U6SP3,69572,"0,00",80,HISENSE,105,,CLIMATIZAÇÃO,AR CONDICIONADO,AR COND.MULTI-SPLIT,sim
375065060559,Ar Condicionado Wintair Multi (Unid.Ext.) WAMW4-28U4SAD1,60559,"1 199,00",77,HISENSE,105,,CLIMATIZAÇÃO,AR CONDICIONADO,AR COND.MULTI-SPLIT,sim
RPG000,"LCD Grundig 43"" Vision 6 43 VLE 6735 BP",RPG000,"489,00","11,3",GRUNDIG,250,,IMAGEM E SOM,TELEVISÃO,"TV LED 42""",sim
MMS000,"LCD Grundig 28"" Vision 5 28 VLE 5500 WG",MMS000,"289,00","4,4",GRUNDIG,250,,IMAGEM E SOM,TELEVISÃO,"TV LED 27""",sim
350013046389,Combinado Beko RCNA 320E30 PT,46389,"549,00",86,BEKO,130,No Frost |320 L / 287 L (197/90) | 3 Gavetas | Classe A++ (250 Kwh/ano) | 1853  x  595 x 600 mm  (A x L x P ) | PVC Inox,GRANDES DOMÉSTICOS,FRIGORIFICOS/COMBINADOS,,sim
GMN1000,Aparador Cabelo Grundig MC 3140,GMN1000,"28,99","0,889",GRUNDIG,190,,PEQUENOS DOMÉSTICOS,ASSEIO PESSOAL,APARADORES,sim
350070048931,Kit para Máquinas Lavar/Secar Beko (60cm) 2985400100 Branco,48931,"28,00","0,5",BEKO,800,,ACESSÓRIOS E BATERIAS,ACESSÓRIOS E BATERIAS,ACESSÓRIOS,sim
GRR3550,Rádio Portátil Grundig WTR 2000 BT,GRR3550,"0,00","2,6",GRUNDIG,235,,IMAGEM E SOM,AUDIO PORTATIL,RADIOS PORTATEIS,sim
GMN3580,Alisador Cabelo Grundig HS 5032,GMN3580,"25,99","0,576",GRUNDIG,190,,PEQUENOS DOMÉSTICOS,ASSEIO PESSOAL,MODELADORES,sim
GMM9810,Alisador Cabelo Grundig HS 5732,GMM9810,"33,99","0,576",GRUNDIG,190,,PEQUENOS DOMÉSTICOS,ASSEIO PESSOAL,MODELADORES,sim
GMK5010,Aparador Cabelo Grundig MC 9542,GMK5010,"49,99","0,889",GRUNDIG,190,,PEQUENOS DOMÉSTICOS,ASSEIO PESSOAL,APARADORES,sim
MPH000,"LCD Grundig 28"" Vision 4 28 VLE 5500 BG",MPH000,"289,00","4,4",GRUNDIG,250,,IMAGEM E SOM,TELEVISÃO,"TV LED 27""",sim
375065069662,Unidade Interior Hisense TG25YD02G,69662,"0,00",10,HISENSE,105,,CLIMATIZAÇÃO,AR CONDICIONADO,AR COND.MULTI-SPLIT,sim
375065069665,Unidade Exterior Hisense TG35YD02W,69665,"0,00",25,HISENSE,105,,CLIMATIZAÇÃO,AR CONDICIONADO,AR COND.MULTI-SPLIT,sim
375065069663,Unidade Exterior Hisense TG25YD02W,69663,"0,00",24,HISENSE,105,,CLIMATIZAÇÃO,AR CONDICIONADO,AR COND.MULTI-SPLIT,sim
375065069664,Unidade Interior Hisense TG35YD02G,69664,"0,00",10,HISENSE,105,,CLIMATIZAÇÃO,AR CONDICIONADO,AR COND.MULTI-SPLIT,sim
350017048657,Fogão Gás Beko GM 15321 DX,48657,"675,00",71,BEKO,110,4 Gás | Forno Eléctico | Inox | 90 x 60 | Válvula Segurança,GRANDES DOMÉSTICOS,FOGÕES,FOGÕES C/GÁS,sim
GLR6513,Coluna Bluetooth Grundig GSB 910 Black,GLR6513,"0,00","1,7",GRUNDIG,210,"Barra de Som com 4 alto falantes, streaming de música a partir de telemóvel ou tablet via Bluetooth até 10 m de alcance, 2 x 20 W RMS, efeito de som3D, Subwoofer output, AUX input, Medidas: 99 x 9 x7 cm, Cor Branco.",IMAGEM E SOM,EQUIPAMENTOS AUDIO,OUTRO HI-FI,sim
GMN3690,Aparador Cabelo Grundig MT 6340,GMN3690,"0,00","0,889",GRUNDIG,190,,PEQUENOS DOMÉSTICOS,ASSEIO PESSOAL,APARADORES,sim
GML7820,Aparador Multi-funções Grundig MT 6742,GML7820,"0,00","0,784",GRUNDIG,190,,PEQUENOS DOMÉSTICOS,ASSEIO PESSOAL,APARADORES,sim
GMM3910,Aparador Cabelo Grundig MT 6030,GMM3910,"0,00","0,889",GRUNDIG,190,,PEQUENOS DOMÉSTICOS,ASSEIO PESSOAL,APARADORES,sim
RVK000,"LCD Grundig 55"" Vision 7 55 VLX 7810 BP",RVK000,"579,00",20,GRUNDIG,250,,IMAGEM E SOM,TELEVISÃO,"TV LED+46""",sim
RVJ000,"LCD Grundig 49"" Vision 7 49 VLX 7810 BP",RVJ000,"479,00","7,9",GRUNDIG,250,,IMAGEM E SOM,TELEVISÃO,"TV LED+46""",sim
RVH000,"LCD Grundig 43"" Vision 7 43 VLX 7810 BP",RVH000,"439,00",13,GRUNDIG,250,,IMAGEM E SOM,TELEVISÃO,"TV LED 42""",sim
350013046839,Frigorifico Integ. Beko BSSA 200M2 S,46839,"314,00",33,BEKO,115,1 Porta | 200 L / 184 L (164/20) | Table Top| Classe A+ | 1210 x 540 x 545 mm (A x L x P),GRANDES DOMÉSTICOS,ENCASTRE - FRIO,FRIGORIFICOS,sim
350013046309,Frigorifico Beko RDSA 280K20 W,46309,"0,00",51,BEKO,130,2 Portas | 263 L / 259 L (210/49) | Classe A+  | 1598 x 540 x 600 mm (A x L x P),GRANDES DOMÉSTICOS,FRIGORIFICOS/COMBINADOS,FRIGORIF.2 PORTAS,sim
350070048932,Filtro Carbono Exaustor Beko (HC91845BX) 165730009,48932,"8,00","0,5",BEKO,800,,ACESSÓRIOS E BATERIAS,ACESSÓRIOS E BATERIAS,ACESSÓRIOS,sim
GDR1360,Leitor CD Grundig CDP 6600 Black/Silver,GDR1360,"37,00","0,6",GRUNDIG,235,,IMAGEM E SOM,AUDIO PORTATIL,LEITORES CD PORTÁTEIS,sim
375065069670,Unidade Interior Hisense DJ25YD00G,69670,"0,00","9,5",HISENSE,105,,CLIMATIZAÇÃO,AR CONDICIONADO,AR COND.MULTI-SPLIT,sim
375065069671,Unidade Exterior Hisense DJ25YD00W,69671,"0,00",25,HISENSE,105,,CLIMATIZAÇÃO,AR CONDICIONADO,AR COND.MULTI-SPLIT,sim
375065069672,Unidade Interior Hisense DJ35VE00G,69672,"0,00",11,HISENSE,105,,CLIMATIZAÇÃO,AR CONDICIONADO,AR COND.MULTI-SPLIT,sim
375065069673,Unidade Exterior Hisense DJ35VE00W,69673,"0,00",30,HISENSE,105,,CLIMATIZAÇÃO,AR CONDICIONADO,AR COND.MULTI-SPLIT,sim
375065069674,Unidade Interior Hisense DJ50XA00G,69674,"0,00",14,HISENSE,105,,CLIMATIZAÇÃO,AR CONDICIONADO,AR COND.MULTI-SPLIT,sim
375065069675,Unidade Exterior Hisense DJ50XA00W,69675,"0,00",42,HISENSE,105,,CLIMATIZAÇÃO,AR CONDICIONADO,AR COND.MULTI-SPLIT,sim
375065069676,Unidade Interior Hisense DJ70BB0AG,69676,"0,00","15,5",HISENSE,105,,CLIMATIZAÇÃO,AR CONDICIONADO,AR COND.MULTI-SPLIT,sim
375065069677,Unidade Exterior Hisense DJ70BB0AW,69677,"0,00",52,HISENSE,105,,CLIMATIZAÇÃO,AR CONDICIONADO,AR COND.MULTI-SPLIT,sim
375065069574,Unidade Exterior Hisense AUW140U6SP3,69574,"0,00",109,HISENSE,105,,CLIMATIZAÇÃO,AR CONDICIONADO,AR COND.MULTI-SPLIT,sim
375065069580,Unidade Interior Hisense AUD71UX4SLL3,69580,"0,00",37,HISENSE,105,,CLIMATIZAÇÃO,AR CONDICIONADO,AR COND.MULTI-SPLIT,sim
375065069581,Unidade Exterior Hisense AUW71U4SF3,69581,"0,00",57,HISENSE,105,,CLIMATIZAÇÃO,AR CONDICIONADO,AR COND.MULTI-SPLIT,sim
375065069582,Unidade Interior Hisense AUD105UX4SHH3,69582,"0,00",60,HISENSE,105,,CLIMATIZAÇÃO,AR CONDICIONADO,AR COND.MULTI-SPLIT,sim
375065069586,Unidade Interior Hisense AUV105UR4SB3,69586,"0,00",44,HISENSE,105,,CLIMATIZAÇÃO,AR CONDICIONADO,AR COND.MULTI-SPLIT,sim
375065069587,Unidade Interior Hisense AUV175UR4SC3,69587,"0,00",56,HISENSE,105,,CLIMATIZAÇÃO,AR CONDICIONADO,AR COND.MULTI-SPLIT,sim
PPC000,"LCD Grundig 43"" Vision 6 43 VLE 6621 WP",PPC000,"439,00","11,3",GRUNDIG,250,,IMAGEM E SOM,TELEVISÃO,"TV LED 42""",sim
