Codigo,Nome,CodCurto,PVPBase,PesoBrt,Marca,Familia,NomeXtra,Gama,Familia,SubFamilia,status
GLR4900,Hi-Fi Lifestyle Grundig Ovation 3 CDS 8120 ENC,GLR4900,380,"5,7",GRUNDIG,215,,IMAGEM E SOM,EQUIPAMENTOS AUDIO,APARELHAGENS MICROS,sim
GLR7500,Hi-Fi Micro Grundig M 1000 BT,GLR7500,119,"3,4",GRUNDIG,215,,IMAGEM E SOM,EQUIPAMENTOS AUDIO,APARELHAGENS MICROS,sim
GLR7610,Hi-Fi Micro Grundig M 2000 BT,GLR7610,161,"4,7",GRUNDIG,215,,IMAGEM E SOM,EQUIPAMENTOS AUDIO,APARELHAGENS MICROS,sim
GMH1070,Hi-Fi Micro Grundig MF 2000 BT,GMH1070,0,"3,3",GRUNDIG,215,,IMAGEM E SOM,EQUIPAMENTOS AUDIO,APARELHAGENS MICROS,sim
GLR2300,Hi-Fi Micro Grundig PSW 5000 white/green,GLR2300,0,"5,205",GRUNDIG,215,,IMAGEM E SOM,EQUIPAMENTOS AUDIO,APARELHAGENS MICROS,sim
350032047196,Maq.Integ. Beko WITV 8612 XW0,47196,470,73,BEKO,115,1200 RPM Variável - 8 Kg - Óculo Grande - Mini LCD - Variável - Classe A+++AB,GRANDES DOMÉSTICOS,ENCASTRE - MAQ.L.ROUPA,MAQ.LAVAR ROUPA,sim
350032047197,Maq.Integ. Beko WITV 8712 XW0,47197,495,73,BEKO,115,1400 RPM Variável - 8 Kg - Óculo Grande - Mini LCD - Variável - Classe A+++AB,GRANDES DOMÉSTICOS,ENCASTRE - MAQ.L.ROUPA,MAQ.LAVAR ROUPA,sim
350032047199,Maq.Integ. Beko WMI 81242,47199,475,73,BEKO,115,1200 RPM Variável - 8 Kg - Óculo Grande - Mini LCD - Variável - Classe A+AB,GRANDES DOMÉSTICOS,ENCASTRE - MAQ.L.ROUPA,MAQ.LAVAR ROUPA,não
350032047198,Maq.Integ. Beko WMI 81442,47198,495,73,BEKO,115,1400 RPM Variável - 8 Kg - Óculo Grande - Mini LCD - Variável - Classe A+++AB,GRANDES DOMÉSTICOS,ENCASTRE - MAQ.L.ROUPA,MAQ.LAVAR ROUPA,não
350033047615,Maq.Louça Beko DFN 05210 W,47615,312,41,BEKO,135,12 Talheres | LED Control | 5 Programas | Classe A+AA,GRANDES DOMÉSTICOS,MAQUINAS LAVAR LOUÇA,MLL DE 60 Cm,não
350033047616,Maq.Louça Beko DFN 05210 X,47616,340,42,BEKO,135,15 Talheres | 5 Programas | Meia Carga | Classe A+AA,GRANDES DOMÉSTICOS,MAQUINAS LAVAR LOUÇA,MLL DE 60 Cm,não
350033047635,Maq.Louça Beko DFN 05310 W,47635,312,46,BEKO,135,13 Talheres | LED Control | 5 Programas | Classe A+AA | Branco,GRANDES DOMÉSTICOS,MAQUINAS LAVAR LOUÇA,MLL DE 60 Cm,sim
350033047642,Maq.Louça Beko DFN 05321 W,47642,316,"44,6",BEKO,135,13 Talheres | LED Control | 5 Programas | Classe A++AA | Branco,GRANDES DOMÉSTICOS,MAQUINAS LAVAR LOUÇA,MLL DE 60 Cm,sim
350033047643,Maq.Louça Beko DFN 05321 X,47643,334,"45,2",BEKO,135,13 Talheres | 5 Programas | Meia Carga | Classe A++AA | Inox,GRANDES DOMÉSTICOS,MAQUINAS LAVAR LOUÇA,MLL DE 60 Cm,sim
350033047626,Maq.Louça Beko DFN 16410 W,47626,343,"45,4",BEKO,135,12 Talheres | 6 Programas | Classe A-10AA,GRANDES DOMÉSTICOS,MAQUINAS LAVAR LOUÇA,MLL DE 60 Cm,não
350033047627,Maq.Louça Beko DFN 16410 X,47627,364,"45,4",BEKO,135,12 Talheres | 6 Programas | Inox | Classe A+AA,GRANDES DOMÉSTICOS,MAQUINAS LAVAR LOUÇA,MLL DE 60 Cm,não
350033047637,Maq.Louça Beko DFN 16420 W,47637,350,"46,8",BEKO,135,14 Talheres | LED Display | 6 Programas | Motor ProSmart Inverter | Time Delay 3-6-9h | Consumo Água: 12L | Classe A++ | Branco,GRANDES DOMÉSTICOS,MAQUINAS LAVAR LOUÇA,MLL DE 60 Cm,sim
350033047630,Maq.Louça Beko DFN 16420 X,47630,364,"46,8",BEKO,135,14 Talheres | LED Display | 6 Programas | Motor ProSmart Inverter | Time Delay 3-6-9h | Consumo Água: 12L | Classe A++ | Inox,GRANDES DOMÉSTICOS,MAQUINAS LAVAR LOUÇA,MLL DE 60 Cm,sim
350033047618,Maq.Louça Beko DFN 26420 W,47618,383,"46,5",BEKO,135,13 Talheres | Aqua intensive | 6 Programas | Classe A++AA,GRANDES DOMÉSTICOS,MAQUINAS LAVAR LOUÇA,MLL DE 60 Cm,não
350033047619,Maq.Louça Beko DFN 26420 X,47619,415,"46,5",BEKO,135,13 Talheres | Aqua intensive | 6 Programas | Classe A++AA,GRANDES DOMÉSTICOS,MAQUINAS LAVAR LOUÇA,MLL DE 60 Cm,sim
350033047598,Maq.Louça Beko DFN 28321 W,47598,405,"48,4",BEKO,135,13 Talheres | Mini LCD | 8 Programas | Classe A++AA | Branca,GRANDES DOMÉSTICOS,MAQUINAS LAVAR LOUÇA,MLL DE 60 Cm,não
350033047604,Maq.Louça Beko DFN 28330 W,47604,429,50,BEKO,135,13 Talheres | Aqua intensive | 8 Programas | Classe A+++AA,GRANDES DOMÉSTICOS,MAQUINAS LAVAR LOUÇA,MLL DE 60 Cm,não
350033047629,Maq.Louça Beko DFN 28422 X,47269,433,50,BEKO,135,14 Talheres | Aqua intensive | 8 Programas | Classe A++AA,GRANDES DOMÉSTICOS,MAQUINAS LAVAR LOUÇA,MLL DE 60 Cm,sim
350033047624,Maq.Louça Beko DFN 28430 W,47624,414,50,BEKO,135,13 Talheres | Aqua intensive | 8 Programas | Classe A+++AA,GRANDES DOMÉSTICOS,MAQUINAS LAVAR LOUÇA,MLL DE 60 Cm,sim
350033047623,Maq.Louça Beko DFN 28430 X,47623,454,50,BEKO,135,14 Talheres | Aqua intensive | 8 Programas | Classe A+++AA,GRANDES DOMÉSTICOS,MAQUINAS LAVAR LOUÇA,MLL DE 60 Cm,sim
350033047640,Maq.Louça Beko DFN 38530 X,47640,454,"52,2",BEKO,135,15 Talheres | LCD Display | Aqua intensive | Motor ProSmart Inverter | 9 Programas | Ever Clean filter | Iluminação Interior | Consumo Água: 10 L | Classe A+++,GRANDES DOMÉSTICOS,MAQUINAS LAVAR LOUÇA,MLL DE 60 Cm,sim
350033047625,Maq.Louça Beko DFN 39431 X,47625,479,50,BEKO,135,14 Talheres | Aqua intensive | 9 Programas | Ever Clean filter  | Classe A+++AA,GRANDES DOMÉSTICOS,MAQUINAS LAVAR LOUÇA,MLL DE 60 Cm,sim
350033047638,Maq.Louça Beko DFN 39530 X,47638,481,"52,2",BEKO,135,15 Talheres | LCD Display | Aqua intensive | Motor ProSmart Inverter | 9 Programas | Ever Clean filter | Iluminação Interior | Consumo Água: 10 L | Classe A+++,GRANDES DOMÉSTICOS,MAQUINAS LAVAR LOUÇA,MLL DE 60 Cm,sim
350033047593,Maq.Louça Beko DFS 05011 W,47593,319,"42,3",BEKO,135,10 Talheres | 45 cm | 5 Programas | Classe A+AA,GRANDES DOMÉSTICOS,MAQUINAS LAVAR LOUÇA,MLL DE 45 Cm,não
350033047600,Maq.Louça Beko DFS 05011 X,47600,339,"42,3",BEKO,135,10 Talheres | 5 Programas | Meia Carga | Classe A+AA | 45 cm,GRANDES DOMÉSTICOS,MAQUINAS LAVAR LOUÇA,MLL DE 45 Cm,não
350033047633,Maq.Louça Beko DFS 05013 W,47633,319,"39,9",BEKO,135,10 Talheres | 5 Programas |Time Delay 3-6-9h | Consumo Água: 13 L | Classe A+ | 45 cm | Branco,GRANDES DOMÉSTICOS,MAQUINAS LAVAR LOUÇA,MLL DE 45 Cm,sim
350033047634,Maq.Louça Beko DFS 05013 X,47634,339,"40,8",BEKO,135,10 Talheres | 5 Programas |Time Delay 3-6-9h | Consumo Água: 13 L | Classe A+ | 45 cm | Inox,GRANDES DOMÉSTICOS,MAQUINAS LAVAR LOUÇA,MLL DE 45 Cm,sim
350033047612,Maq.Louça Beko DFS 28020 W,47612,354,"42,3",BEKO,135,10 Talheres | 8 Programas | Meia Carga | Classe A++AA | 45 cm,GRANDES DOMÉSTICOS,MAQUINAS LAVAR LOUÇA,MLL DE 45 Cm,não
350033047632,Maq.Louça Beko DFS 28021 W,47632,378,"38,1",BEKO,135,10 Talheres | 8 Programas | Display Digital | Aquaintense | Motor ProSmart Inverter | Consumo Água: 10 L | Meia Carga | Classe A++ | 45 cm | Branco,GRANDES DOMÉSTICOS,MAQUINAS LAVAR LOUÇA,MLL DE 45 Cm,sim
350033047631,Maq.Louça Beko DFS 28021 X,47631,395,"38,6",BEKO,135,10 Talheres | 8 Programas | Display Digital | Aquaintense | Motor ProSmart Inverter | Consumo Água: 10 L | Meia Carga | Classe A++ | 45 cm | Inox,GRANDES DOMÉSTICOS,MAQUINAS LAVAR LOUÇA,MLL DE 45 Cm,sim
350033047617,Maq.Louça Beko DSN 15420 X,47617,435,"48,4",BEKO,115,12 Talheres | 5 Programas | Classe A++A | Painel Inox,GRANDES DOMÉSTICOS,ENCASTRE - MAQ.LOUÇA,MAQ.LAVAR LOUÇA 60 Cm,sim
350033047502,Maq.Louça Integ. Beko D 3520 BW,47502,325,44,BEKO,115,12 Talheres | 5 Programas | Classe B | Branca,GRANDES DOMÉSTICOS,ENCASTRE - MAQ.LOUÇA,MAQ.LAVAR LOUÇA 60 Cm,sim
350033047620,Maq.Louça Integ. Beko DIN 26410,47620,395,43,BEKO,115,12 Talheres | 6 Programas | Classe A+AA | Total Integrável,GRANDES DOMÉSTICOS,ENCASTRE - MAQ.LOUÇA,MAQ.LAVAR LOUÇA 60 Cm,sim
350033047621,Maq.Louça Integ. Beko DIN 26421,47621,426,41,BEKO,115,12 Talheres | 6 Programas | Led Spot | Classe A++AA | Total Integrável,GRANDES DOMÉSTICOS,ENCASTRE - MAQ.LOUÇA,MAQ.LAVAR LOUÇA 60 Cm,sim
350033047628,Maq.Louça Integ. Beko DIN 28423,47628,485,49,BEKO,115,12 Talheres | 8 Programas | Classe A++AA | Total Integrável,GRANDES DOMÉSTICOS,ENCASTRE - MAQ.LOUÇA,MAQ.LAVAR LOUÇA 60 Cm,sim
350033047641,Maq.Louça Integ. Beko DIN 48430 AD,47641,600,43,BEKO,115,14 Talheres | 8 Programas | Aqua intensive | Classe A++AA | Total Integrável,GRANDES DOMÉSTICOS,ENCASTRE - MAQ.LOUÇA,MAQ.LAVAR LOUÇA 60 Cm,sim
350033047622,Maq.Louça Integ. Beko DIS 15013,47622,370,43,BEKO,115,10 Talheres | 5 Programas | Classe A+AA | Total Integrável,GRANDES DOMÉSTICOS,ENCASTRE - MAQ.LOUÇA,MAQ.LAVAR LOUÇA 45 Cm,não
350033047639,Maq.Louça Integ. Beko DIS 25011,47639,375,"33,3",BEKO,115,10 Talheres | 5 Programas | Classe A+AA | Total Integrável,GRANDES DOMÉSTICOS,ENCASTRE - MAQ.LOUÇA,MAQ.LAVAR LOUÇA 45 Cm,sim
350033047525,Maq.Louça Integ. Beko DSN 6830,47525,445,44,BEKO,115,12 Talheres | Mini LCD | 8 Programas | Classe A | Painel Branco,GRANDES DOMÉSTICOS,ENCASTRE - MAQ.LOUÇA,MAQ.LAVAR LOUÇA 60 Cm,sim
350032047167,Maquina Lavar Beko WCC 8502 BWO,47167,315,64,BEKO,135,1000 RPM Variável - 8 Kg - Display Digital - Classe A+++ -,GRANDES DOMÉSTICOS,MAQUINAS LAVAR ROUPA,MLR CARGA FRONTAL,não
350032047124,Maquina Lavar Beko WCV 7612 BWO,47124,299,65,BEKO,135,1200 RPM Variável - 7 Kg - Óculo Grande XL - Electrónica - Volumax - Display Digital - Classe A+++AC,GRANDES DOMÉSTICOS,MAQUINAS LAVAR ROUPA,MLR CARGA FRONTAL,sim
350032047125,Maquina Lavar Beko WCV 8512 BWO,47125,315,65,BEKO,135,1000 RPM Variável - 8 Kg - Óculo Grande XL - Electrónica - Volumax - Display Digital - Classe A+++AC,GRANDES DOMÉSTICOS,MAQUINAS LAVAR ROUPA,MLR CARGA FRONTAL,sim
350032047098,Maquina Lavar Beko WMB 61021 M,47098,269,64,BEKO,135,1000 RPM Variável | 6 Kg | Óculo Grande XL | LED Display | Classe A+AC,GRANDES DOMÉSTICOS,MAQUINAS LAVAR ROUPA,MLR CARGA FRONTAL,não
350032047179,Maquina Lavar Beko WMP 11744 XW,47179,555,85,BEKO,135,1400 RPM Variável - 11 Kg - Óculo Grande XL - LCD Display (grande) - Eletrónica - Classe A+++-10AB,GRANDES DOMÉSTICOS,MAQUINAS LAVAR ROUPA,MLR CARGA FRONTAL,sim
350032047127,Maquina Lavar Beko WMP 12744 XST,47127,675,79,BEKO,135,1400 RPM Variável - 12 Kg - Motor ProSmart Inverter - Óculo Grande XL - LCD Display (grande) - Eletrónica - Classe A+++-10AB,GRANDES DOMÉSTICOS,MAQUINAS LAVAR ROUPA,MLR CARGA FRONTAL,sim
350032047181,Maquina Lavar Beko WMP 8744 XD,47181,515,72,BEKO,135,1200 RPM Variável - 8 Kg - Óculo Grande XL - Electrónica - Mini LCD Display - Classe A+++AB -  Inox,GRANDES DOMÉSTICOS,MAQUINAS LAVAR ROUPA,MLR CARGA FRONTAL,sim
350032047176,Maquina Lavar Beko WMY 121444 LB1,47176,659,85,BEKO,135,1400 RPM Variável - 12 Kg - Óculo Grande XL - Electrónica - Classe A++,GRANDES DOMÉSTICOS,MAQUINAS LAVAR ROUPA,MLR CARGA FRONTAL,não
350032047163,Maquina Lavar Beko WMY 71083 LMXB2,47163,399,64,BEKO,135,1000 RPM Variável - 7 Kg - Display Digital - Classe A+++ - Inox,GRANDES DOMÉSTICOS,MAQUINAS LAVAR ROUPA,MLR CARGA FRONTAL,não
350032047180,Maquina Lavar Beko WMY 71283 LMXB3,47180,407,65,BEKO,135,1200 RPM Variável - 7 Kg - Óculo Grande XL - Electrónica - Volumax - Display Digital - Classe A+++AB,GRANDES DOMÉSTICOS,MAQUINAS LAVAR ROUPA,MLR CARGA FRONTAL,não
350032047160,Maquina Lavar Beko WMY 71283 PTLMB2,47160,346,65,BEKO,135,1200 RPM Variável - 7 Kg - Óculo Grande XL - Electrónica - Volumax - Display Digital - Classe A+++AB,GRANDES DOMÉSTICOS,MAQUINAS LAVAR ROUPA,MLR CARGA FRONTAL,não
350032047174,Maquina Lavar Beko WMY 81283 LMB3,47174,357,72,BEKO,135,1200 RPM Variável - 8 Kg - Óculo Grande XL - Electrónica - Volumax - Display Digital - Classe A+++AB,GRANDES DOMÉSTICOS,MAQUINAS LAVAR ROUPA,MLR CARGA FRONTAL,sim
350032047162,Maquina Lavar Beko WMY 81283 LMXB2,47162,496,72,BEKO,135,1200 RPM Variável - 8 Kg - Óculo Grande - Electrónica - Classe A++,GRANDES DOMÉSTICOS,MAQUINAS LAVAR ROUPA,MLR CARGA FRONTAL,não
350032047173,Maquina Lavar Beko WMY 81483 LMB2,47173,367,72,BEKO,135,1400 RPM Variável - 8 Kg - Óculo Grande XL - Electrónica - Volumax - Display Digital - Classe A+++AB,GRANDES DOMÉSTICOS,MAQUINAS LAVAR ROUPA,MLR CARGA FRONTAL,sim
350032047129,Maquina Lavar Beko WMY 81483 LMXB3,47129,515,72,BEKO,135,1400 RPM Variável - 8 Kg - Óculo Grande - Electrónica - Classe A++,GRANDES DOMÉSTICOS,MAQUINAS LAVAR ROUPA,MLR CARGA FRONTAL,sim
350032047190,Maquina Lavar Beko WMY 8736 XSX BT,47190,462,71,BEKO,135,1400 RPM Variável - 8 Kg - Motor ProSmart Inverter - Óculo Grande - Electrónica - Display Digital-Classe A+++-AB,GRANDES DOMÉSTICOS,MAQUINAS LAVAR ROUPA,MLR CARGA FRONTAL,sim
350032047170,Maquina Lavar Beko WMY 91443 LB1,47170,455,77,BEKO,135,1400 RPM Variável - 9 Kg - Óculo Grande XL - LCD Display (grande) - Eletrónica - Classe A++,GRANDES DOMÉSTICOS,MAQUINAS LAVAR ROUPA,MLR CARGA FRONTAL,sim
350032047178,Maquina Lavar Beko WMY 91483 LB3,47178,455,77,BEKO,135,1400 RPM Variável - 9 Kg - Óculo Grande XL - LCD Display (grande) - Eletrónica - Classe A++,GRANDES DOMÉSTICOS,MAQUINAS LAVAR ROUPA,MLR CARGA FRONTAL,não
350032047188,Maquina Lavar Beko WQP 10747 XSW D,47188,615,76,BEKO,135,1400 RPM Variável - 10 Kg - Óculo Grande XL - Motor ProSmart Inverter - LCD Display (grande) - Auto Dosing - AquaTech - Classe A+++-30AB - Home Wiz,GRANDES DOMÉSTICOS,MAQUINAS LAVAR ROUPA,MLR CARGA FRONTAL,sim
350032047187,Maquina Lavar Beko WQY 9736 XSW BT,47187,499,76,BEKO,135,1400 RPM Variável - 9 Kg - Óculo Grande XL - Motor ProSmart Inverter - LCD Display (grande) - AquaTech - Classe A+++-30AB - Home Wiz,GRANDES DOMÉSTICOS,MAQUINAS LAVAR ROUPA,MLR CARGA FRONTAL,sim
350032047185,Maquina Lavar Beko WTA 10712 XSW,47185,425,75,BEKO,135,1400 RPM Variável - 10 Kg - Óculo Grande XL - Motor ProSmart Inverter - LCD Display (grande) - Eletrónica - Classe A+++-10AB,GRANDES DOMÉSTICOS,MAQUINAS LAVAR ROUPA,MLR CARGA FRONTAL,sim
350032047182,Maquina Lavar Beko WTA 7612 XSW,47182,329,61,BEKO,135,1200 RPM Variável - 7 Kg - Óculo Grande XL - Electrónica - Volumax - Display Digital - Classe A+++AB,GRANDES DOMÉSTICOS,MAQUINAS LAVAR ROUPA,MLR CARGA FRONTAL,sim
350032047183,Maquina Lavar Beko WTA 8612 XSW,47183,357,67,BEKO,135,1200 RPM Variável - 8 Kg - Óculo Grande XL - Electrónica - Volumax - Display Digital - Classe A+++AB,GRANDES DOMÉSTICOS,MAQUINAS LAVAR ROUPA,MLR CARGA FRONTAL,sim
350032047186,Maquina Lavar Beko WTA 8716 DSW BT,47186,375,72,BEKO,135,1400 RPM Variável - 8 Kg - Óculo Grande XL - Electrónica - Volumax - Display Digital - Classe A+++-30AB - Home Wiz,GRANDES DOMÉSTICOS,MAQUINAS LAVAR ROUPA,MLR CARGA FRONTAL,sim
350032047191,Maquina Lavar Beko WTA 9612 XSW,47191,379,75,BEKO,135,1200 RPM Variável - 9 Kg - Óculo Grande XL - Motor ProSmart Inverter - LCD Display (grande) - Eletrónica - Classe A+++-10AB,GRANDES DOMÉSTICOS,MAQUINAS LAVAR ROUPA,MLR CARGA FRONTAL,sim
350032047184,Maquina Lavar Beko WTA 9712 XSW,47184,405,72,BEKO,135,1400 RPM Variável - 9 Kg - Óculo Grande XL - Motor ProSmart Inverter - LCD Display (grande) - Eletrónica - Classe A+++-10AB,GRANDES DOMÉSTICOS,MAQUINAS LAVAR ROUPA,MLR CARGA FRONTAL,sim
350032047130,Maquina Lavar Beko WTE 6511 BW,47130,269,59,BEKO,135,1000 RPM Variável | 6 Kg | Óculo Grande XL | LED Display | Classe A+++AC,GRANDES DOMÉSTICOS,MAQUINAS LAVAR ROUPA,MLR CARGA FRONTAL,sim
350032047131,Maquina Lavar Beko WTE 7532 BCX,47131,365,76,BEKO,135,1000 RPM Variável - 7 Kg - Display Digital 7 segmentos - Classe A++AC - Inox,GRANDES DOMÉSTICOS,MAQUINAS LAVAR ROUPA,MLR CARGA FRONTAL,sim
350032047189,Maquina Lavar Beko WTE 7611 BW,47189,299,63,BEKO,135,1200 RPM Variável - 7 Kg - Óculo Grande XL - Electrónica - Volumax - Display Digital - Classe A+++AC,GRANDES DOMÉSTICOS,MAQUINAS LAVAR ROUPA,MLR CARGA FRONTAL,sim
350032047169,Maquina Lavar Beko WTV 8602 XSOX,47169,440,72,BEKO,135,1200 RPM Variável - 8 Kg - Óculo Grande XL - Electrónica - Mini LCD Display - Classe A+++AB -  Inox,GRANDES DOMÉSTICOS,MAQUINAS LAVAR ROUPA,MLR CARGA FRONTAL,não
350032047128,Maquina Lavar Beko WTV 8632 XCX,47128,440,72,BEKO,135,1200 RPM Variável - 8 Kg - Óculo Grande XL - Electrónica - Mini LCD Display - Classe A+++AB -  Inox,GRANDES DOMÉSTICOS,MAQUINAS LAVAR ROUPA,MLR CARGA FRONTAL,sim
350032047126,Maquina Lavar Beko WTV 9612 XWO,47126,390,74,BEKO,135,1200 RPM Variável - 9 Kg - Óculo Grande XL - Electrónica - LCD Display - Alumínio - Classe A+++AB,GRANDES DOMÉSTICOS,MAQUINAS LAVAR ROUPA,MLR CARGA FRONTAL,sim
350032047499,Maquina Lavar e Secar Beko HITV 8733 BO,47499,660,60,BEKO,115,1400 RPM Variável | 8 Kg | Classe A | 5 Kg secagem,GRANDES DOMÉSTICOS,ENCASTRE - MAQ.L.ROUPA,MAQ.LAVAR/SECAR ROUPA,sim
350032047495,Maquina Lavar e Secar Beko HTV 8633 XSO,47495,515,60,BEKO,135,1200 RPM Variável | 8 Kg | Classe A+AD | 5 Kg secagem,GRANDES DOMÉSTICOS,MAQUINAS LAVAR ROUPA,MLR LAVAR E SECAR ROUPA,não
350032047497,Maquina Lavar e Secar Beko HTV 8716 DSW BT,47497,510,70,BEKO,135,1200 RPM Variável | 8 Kg | Classe A+AD | 5 Kg secagem,GRANDES DOMÉSTICOS,MAQUINAS LAVAR ROUPA,MLR LAVAR E SECAR ROUPA,sim
350032047496,Maquina Lavar e Secar Beko HTV 8733 XS0,47496,520,70,BEKO,135,1200 RPM Variável | 8 Kg | Classe A+AD | 5 Kg secagem,GRANDES DOMÉSTICOS,MAQUINAS LAVAR ROUPA,MLR CARGA FRONTAL,sim
355032059301,Maquina Lavar Grundig GWN 37430,59301,437,75,GRUNDIG,135,1400 RPM Variável - 7 Kg - Óculo Grande XL - Electrónica - Volumax - Display Digital - Classe A+++AB,GRANDES DOMÉSTICOS,MAQUINAS LAVAR ROUPA,MLR CARGA FRONTAL,sim
355032059303,Maquina Lavar Grundig GWN 38230,59303,455,75,GRUNDIG,135,1200 RPM Variável - 8 Kg - Óculo Grande XL - Electrónica - Volumax - Display Digital - Classe A+++AB,GRANDES DOMÉSTICOS,MAQUINAS LAVAR ROUPA,MLR CARGA FRONTAL,sim
355032059302,Maquina Lavar Grundig GWN 49430,59302,516,77,GRUNDIG,135,1400 RPM Variável - 9 Kg - Óculo Grande XL - Electrónica - Volumax - Display Digital - Classe A+++(-10%)AB,GRANDES DOMÉSTICOS,MAQUINAS LAVAR ROUPA,MLR CARGA FRONTAL,não
355033059501,Maquina Louça Grundig GNF 41820,59501,525,"48,4",GRUNDIG,135,13 Talheres | Mini LCD | 8 Programas | Classe A++AA | Branca,GRANDES DOMÉSTICOS,MAQUINAS LAVAR LOUÇA,MLL DE 60 Cm,sim
355033059500,Maquina Louça Grundig GNF 41820 X,59500,577,"48,4",GRUNDIG,135,13 Talheres | Mini LCD | 8 Programas | Classe A++AA | Inox,GRANDES DOMÉSTICOS,MAQUINAS LAVAR LOUÇA,MLL DE 60 Cm,sim
355033059504,Maquina Louça Grundig GNF 41823 X,59504,0,"48,4",GRUNDIG,135,13 Talheres | Mini LCD | 8 Programas | Classe A++AA | Inox,GRANDES DOMÉSTICOS,MAQUINAS LAVAR LOUÇA,MLL DE 60 Cm,sim
355033059502,Maquina Louça Grundig GSF 41820 X,59502,585,"42,3",GRUNDIG,135,10 Talheres | Mini LCD | 8 Programas | Classe A++AA | Inox,GRANDES DOMÉSTICOS,MAQUINAS LAVAR LOUÇA,MLL DE 60 Cm,sim
350033059508,Maquina Louça Integ. Grundig GNV 41835,59508,830,"48,4",GRUNDIG,115,14 Talheres | Mini LCD | 8 Programas | Classe A+++AA | Total integração,GRANDES DOMÉSTICOS,ENCASTRE - MAQ.LOUÇA,MAQ.LAVAR LOUÇA 60 Cm,não
355033059508,Maquina Louça Integ. Grundig GNV 41835,59508,830,"44,5",GRUNDIG,115,14 Talheres | Mini LCD | 8 Programas | Classe A+++AA | Total integração,GRANDES DOMÉSTICOS,ENCASTRE - MAQ.LOUÇA,MAQ.LAVAR LOUÇA 60 Cm,sim
375032067210,Máquina Roupa Hisense WFBJ90121,67210,392,76,HISENSE,135,,GRANDES DOMÉSTICOS,MAQUINAS LAVAR ROUPA,MLR CARGA FRONTAL,sim
375032067207,Máquina Roupa Hisense WFDJ7010,67207,312,76,HISENSE,135,,GRANDES DOMÉSTICOS,MAQUINAS LAVAR ROUPA,MLR CARGA FRONTAL,não
375032067206,Máquina Roupa Hisense WFEA6010,67206,275,65,HISENSE,135,,GRANDES DOMÉSTICOS,MAQUINAS LAVAR ROUPA,MLR CARGA FRONTAL,sim
375032067212,Máquina Roupa Hisense WFEH1014VJ,67212,519,76,HISENSE,135,,GRANDES DOMÉSTICOS,MAQUINAS LAVAR ROUPA,MLR CARGA FRONTAL,sim
375032067211,Máquina Roupa Hisense WFP9014V,67211,0,78,HISENSE,135,,GRANDES DOMÉSTICOS,MAQUINAS LAVAR ROUPA,MLR CARGA FRONTAL,sim
350032047241,Maquina Secar Beko DB 7111 PA0,47241,348,34,BEKO,135,Secador P/Condensação | 15 Programas | 7 Kg | Controlo de Humidade Eletrónico | Classe: B,GRANDES DOMÉSTICOS,MAQUINAS SECAR ROUPA,MSR POR CONDENSAÇÃO,sim
350032047220,Maquina Secar Beko DC 7130,47220,348,37,BEKO,135,Secador P/Condensação | 15 Programas | 7 Kg | Controlo de Humidade Eletrónico | Classe: B,GRANDES DOMÉSTICOS,MAQUINAS SECAR ROUPA,MSR POR CONDENSAÇÃO,não
350032047216,Maquina Secar Beko DCU 7230,47216,344,38,BEKO,135,Secador P/Condensação | 15 Programas | 7 Kg | Controlo Humidade Eletrónico | Classe B,GRANDES DOMÉSTICOS,MAQUINAS SECAR ROUPA,MSR POR CONDENSAÇÃO,não
350032047235,Maquina Secar Beko DCY 8402 XW3,47235,396,38,BEKO,135,Secador P/Condensação | 15 Programas | Display digital | 8 Kg | Controlo Humidade Eletrónico | Classe: B,GRANDES DOMÉSTICOS,MAQUINAS SECAR ROUPA,MSR POR CONDENSAÇÃO,não
350032047243,Maquina Secar Beko DH 10412 RX,47243,585,"53,5",BEKO,135,Secador P/Condensação c/Bomba Calor | 16 Programas | Display digital | 9 Kg | Controlo Humidade Eletrónico | Classe A++,GRANDES DOMÉSTICOS,MAQUINAS SECAR ROUPA,MSR POR CONDENSAÇÃO,sim
350032047237,Maquina Secar Beko DH 9433 RXO,47237,615,53,BEKO,135,Secador P/Condensação c/Bomba Calor | 16 Programas | Display digital | 9 Kg | Controlo Humidade Eletrónico | Classe A++,GRANDES DOMÉSTICOS,MAQUINAS SECAR ROUPA,MSR POR CONDENSAÇÃO,sim
350032047245,Maquina Secar Beko DHA 8512 RX,47245,559,49,BEKO,135,Secador P/Condensação c/Bomba Calor | 16 Programas | LCD Display (grande) | 8 Kg | Controlo Humidade Eletrónico | Classe A+++,GRANDES DOMÉSTICOS,MAQUINAS SECAR ROUPA,MSR POR CONDENSAÇÃO,sim
350032047239,Maquina Secar Beko DHS 7412 PA0,47239,480,53,BEKO,135,Secador P/Condensação c/Bomba Calor | 16 Programas | 7 Kg | Classe A-30,GRANDES DOMÉSTICOS,MAQUINAS SECAR ROUPA,MSR POR CONDENSAÇÃO,sim
350032047247,Maquina Secar Beko DHS 7413 PA0,47247,468,46,BEKO,135,Secador P/Condensação c/Bomba Calor | 16 Programas | 7 Kg | Classe A-30,GRANDES DOMÉSTICOS,MAQUINAS SECAR ROUPA,MSR POR CONDENSAÇÃO,sim
350032047240,Maquina Secar Beko DHS 8312 PA0,47240,479,53,BEKO,135,Secador P/Condensação c/Bomba Calor | 16 Programas | LCD Display (grande) | 8 Kg | Controlo Humidade Eletrónico | Classe A+,GRANDES DOMÉSTICOS,MAQUINAS SECAR ROUPA,MSR POR CONDENSAÇÃO,sim
350032047244,Maquina Secar Beko DHS 8412 PA0,47244,540,"43,5",BEKO,135,Secador P/Condensação c/Bomba Calor | 16 Programas | LCD Display (grande) | 8 Kg | Controlo Humidade Eletrónico | Classe A+,GRANDES DOMÉSTICOS,MAQUINAS SECAR ROUPA,MSR POR CONDENSAÇÃO,sim
350032047233,Maquina Secar Beko DPS 7205 W3,47233,481,53,BEKO,135,Secador P/Condensação c/Bomba Calor | 11 Programas | 7 Kg | Classe A-30,GRANDES DOMÉSTICOS,MAQUINAS SECAR ROUPA,MSR POR CONDENSAÇÃO,não
350032047232,Maquina Secar Beko DPS 7405 GB5,47232,546,53,BEKO,135,Secador P/Condensação c/Bomba Calor | 16 Programas | 7 Kg | Classe A-30,GRANDES DOMÉSTICOS,MAQUINAS SECAR ROUPA,MSR POR CONDENSAÇÃO,não
350032047231,Maquina Secar Beko DPY 8405 GXB2,47231,590,53,BEKO,135,Secador P/Condensação c/Bomba Calor | 16 Programas | Display digital | 8 Kg | Controlo Humidade Eletrónico | Classe A++,GRANDES DOMÉSTICOS,MAQUINAS SECAR ROUPA,MSR POR CONDENSAÇÃO,não
350032047230,Maquina Secar Beko DPY 8506 GXB1,47230,649,53,BEKO,135,Secador P/Condensação c/Bomba Calor | 16 Programas | LCD Display (grande) | 8 Kg | Controlo Humidade Eletrónico | Classe A+++,GRANDES DOMÉSTICOS,MAQUINAS SECAR ROUPA,MSR POR CONDENSAÇÃO,não
350032047242,Maquina Secar Beko DU 8112 PA0,47242,378,35,BEKO,135,Secador P/Condensação | 15 Programas | Display digital | 8 Kg | Controlo Humidade Eletrónico | Classe: B,GRANDES DOMÉSTICOS,MAQUINAS SECAR ROUPA,MSR POR CONDENSAÇÃO,sim
350032047234,Maquina Secar Beko DU 9133 PA0,47234,404,41,BEKO,135,Secador P/Condensação | 16 Programas | LCD Display | 9 Kg | Classe B,GRANDES DOMÉSTICOS,MAQUINAS SECAR ROUPA,MSR POR CONDENSAÇÃO,sim
350032047204,Maquina Secar Beko DV 7110,47204,247,33,BEKO,135,Secador P/Evacuação | 7 Kg | 8 Programas | Classe: C,GRANDES DOMÉSTICOS,MAQUINAS SECAR ROUPA,MSR POR EXAUSTÃO,sim
350032047246,Maquina Secar Beko DV 8120 N,47246,249,"31,5",BEKO,135,Secador P/Evacuação | 8 Kg | 8 Programas | Classe: C,GRANDES DOMÉSTICOS,MAQUINAS SECAR ROUPA,MSR POR EXAUSTÃO,sim
355032059402,Maquina Secar Grundig GTN 37250 M,59402,565,"43,5",GRUNDIG,135,Secador P/Condensação c/Bomba Calor | 16 Programas | Display digital | 7 Kg | Controlo Humidade Eletrónico | Classe A++,GRANDES DOMÉSTICOS,MAQUINAS SECAR ROUPA,MSR POR CONDENSAÇÃO,sim
355032059401,Maquina Secar Grundig GTN 38250 MG,59401,675,46,GRUNDIG,135,Secador P/Condensação c/Bomba Calor | 16 Programas | Display digital | 8 Kg | Controlo Humidade Eletrónico | Classe A++,GRANDES DOMÉSTICOS,MAQUINAS SECAR ROUPA,MSR POR CONDENSAÇÃO,sim
350020048327,Microondas Encast. Beko  MGB 25332 BG,48327,238,"20,5",BEKO,115,Grill Simultâneo | 25L | Eletrónico | Nicho para Encastre | Dimensões: 388 x 595 x 392 mm,GRANDES DOMÉSTICOS,ENCASTRE - MICROONDAS,MICROONDAS,não
350020048326,Microondas Encast. Beko  MGB 25333 BG,48326,282,"20,5",BEKO,115,Grill Simultâneo | 25L | Eletrónico | Nicho para Encastre | Dimensões: 388 x 595 x 392 mm,GRANDES DOMÉSTICOS,ENCASTRE - MICROONDAS,MICROONDAS,não
350020048325,Microondas Encast. Beko  MGB 25333 X,48325,290,"14,4",BEKO,115,Grill Simultâneo | 25L | Eletrónico | Nicho para Encastre | Inox | Dimensões: 388 x 595 x 392 mm,GRANDES DOMÉSTICOS,ENCASTRE - MICROONDAS,MICROONDAS,sim
355020059330,Microondas Encast. Grundig GMI 3140 B,59330,282,"20,5",GRUNDIG,115,Grill Simultâneo | 25L | Eletrónico | Nicho para Encastre | Dimensões: 388 x 595 x 392 mm,GRANDES DOMÉSTICOS,ENCASTRE - MICROONDAS,MICROONDAS,sim
375001367012,Mini Bar Hisense RR-55D4AW1,67012,115,17,HISENSE,130,,GRANDES DOMÉSTICOS,FRIGORIFICOS/COMBINADOS,FRIGORIF.1 PORTA,sim
350019048082,Pack Encast. Forno + Placa Beko BSE 21030 X,48082,332,51,BEKO,115,BIE 22000 X + HIZG 64101 SX,GRANDES DOMÉSTICOS,ENCASTRE - CONJUNTOS,FORNO + MESA,sim
350019048083,Pack Encast. Forno + Placa Beko BSE 21031 CXD,48083,370,51,BEKO,115,BIE 22000 X + HILG 64120 S,GRANDES DOMÉSTICOS,ENCASTRE - CONJUNTOS,FORNO + MESA,sim
350019048080,Pack Encast. Forno + Placa Beko BSE 22120 X,48080,370,51,BEKO,115,BIE 22101 X + HIC 63401 T,GRANDES DOMÉSTICOS,ENCASTRE - CONJUNTOS,FORNO + MESA,sim
350019048081,Pack Encast. Forno + Placa Beko BSE 22341 X,48081,490,51,BEKO,115,BIE 22300 X + HII 63400 AT,GRANDES DOMÉSTICOS,ENCASTRE - CONJUNTOS,FORNO + MESA,sim
350028048564,Placa Encast. Beko HIAG 64223 SX,48564,147,"9,9",BEKO,115,Placa 60 cm | 4 Gás Standard | Ignição Eletrónica | Inox | Válvula de Segurança,GRANDES DOMÉSTICOS,ENCASTRE - MESAS,CONVENCIONAIS C/GÁS,sim
350028048567,Placa Encast. Beko HIAL 75225 SX,48567,272,14,BEKO,115,Placa 70 cm | 5 Gás  (4 Standard + 1 Wok) | Ignição eletrónica | Válvula Segurança | Inox,GRANDES DOMÉSTICOS,ENCASTRE - MESAS,CONVENCIONAIS C/GÁS,não
350028048562,Placa Encast. Beko HIAW 64225 SX,48562,198,12,BEKO,115,Placa 60 cm| 4 Gás (1 Wok) | Ignição eletrónica | Válvula Segurança | Inox,GRANDES DOMÉSTICOS,ENCASTRE - MESAS,CONVENCIONAIS C/GÁS,não
350028048566,Placa Encast. Beko HIAW 75225 SL,48566,272,14,BEKO,115,Placa 70 cm | 5 Gás  (4 Standard + 1 Wok) | Ignição eletrónica | Válvula Segurança | Inox,GRANDES DOMÉSTICOS,ENCASTRE - MESAS,CONVENCIONAIS C/GÁS,não
350028048533,Placa Encast. Beko HIC 64402 E,48533,220,"8,6",BEKO,115,Placa 60 cm | 4 Vitrocerâmicas com 1 duo| Touch Control,GRANDES DOMÉSTICOS,ENCASTRE - MESAS,VITROCERÂMICAS - ELÉCTRICAS,sim
350028048527,Placa Encast. Beko HIC 64403 T,48527,238,"8,9",BEKO,115,Placa 60 cm | 4 Vitrocerâmicas c/ 1 Duo + 1 Extensão | Touch Control,GRANDES DOMÉSTICOS,ENCASTRE - MESAS,VITROCERÂMICAS - ELÉCTRICAS,sim
350028048555,Placa Encast. Beko HII 63400 AT,48555,318,12,BEKO,115,Placa 3 Indução Magnética | Touch Control ,GRANDES DOMÉSTICOS,ENCASTRE - MESAS,DE INDUÇÃO,sim
350028048556,Placa Encast. Beko HII 63403 AT,48556,359,12,BEKO,115,Placa 3 Indução Magnética | Touch Control ,GRANDES DOMÉSTICOS,ENCASTRE - MESAS,DE INDUÇÃO,não
350028048565,Placa Encast. Beko HII 64400 AT,48565,325,"12,7",BEKO,115,Placa 60 cm | 4 Indução Magnética | Touch Control | Timer,GRANDES DOMÉSTICOS,ENCASTRE - MESAS,DE INDUÇÃO,sim
350028048595,Placa Encast. Beko HII 64500 FHT,48595,449,"14,4",BEKO,115,Placa 60 cm Indução com 2 Zonas Flexíveis + 2 Indução Normal | Slider Control | Timer,GRANDES DOMÉSTICOS,ENCASTRE - MESAS,DE INDUÇÃO,sim
350028048561,Placa Encast. Beko HII 64500 FHTW,48561,517,"14,4",BEKO,115,Placa 60 cm Indução com 2 Zonas Flexíveis + 2 Indução Normal | Slider Control | Timer,GRANDES DOMÉSTICOS,ENCASTRE - MESAS,DE INDUÇÃO,sim
350028048534,Placa Encast. Beko HII 68600 PTX,48534,564,"16,6",BEKO,115,Placa 60 cm Indução | 8 Zonas Flexíveis | Slider Control | Timer | Moldura Inox,GRANDES DOMÉSTICOS,ENCASTRE - MESAS,DE INDUÇÃO,sim
350028048553,Placa Encast. Beko HII 74400 AT,48553,372,15,BEKO,115,Placa 70 cm | 4 Indução Magnética | Touch Control |Timer,GRANDES DOMÉSTICOS,ENCASTRE - MESAS,DE INDUÇÃO,sim
350028048563,Placa Encast. Beko HILG 64120 S,48563,182,"13,2",BEKO,115,Placa 4 Cristal Gás | Ignição Electrónica | Válvula Segurança | Grelhas de Esmalte | Botões Cilindricos ,GRANDES DOMÉSTICOS,ENCASTRE - MESAS,VITROCERÂMICAS C/GÁS,sim
350028048569,Placa Encast. Beko HILL 75222 SL,48569,272,"16,1",BEKO,115,Placa 70 cm | Cristal Gás | 4 Standard + 1 Wok | Ignição Electrónica | Válvula Segurança,GRANDES DOMÉSTICOS,ENCASTRE - MESAS,VITROCERÂMICAS C/GÁS,sim
350028048568,Placa Encast. Beko HILM 64120 S,48568,235,"9,9",BEKO,115,Placa 60 cm | 2 Vitrocerâmicas + 2 Cristal Gás | Ignição Electrónica | Válvula Segurança,GRANDES DOMÉSTICOS,ENCASTRE - MESAS,VITROCERÂMICAS C/GÁS,sim
350028048571,Placa Encast. Beko HILW 64222 S,48571,215,"13,2",BEKO,115,Placa 60 cm | 4 Cristal Gás (3 Standard + 1 Wok) | Ignição Electrónica | Válvula Segurança | Grelhas de Esmalte | Botões Cilindricos,GRANDES DOMÉSTICOS,ENCASTRE - MESAS,VITROCERÂMICAS C/GÁS,sim
350028048529,Placa Encast. Beko HILW 75222 SL,48529,272,"16,1",BEKO,115,Placa 70 cm | Cristal Gás | 4 Standard + 1 Wok | Ignição Electrónica | Válvula Segurança,GRANDES DOMÉSTICOS,ENCASTRE - MESAS,VITROCERÂMICAS C/GÁS,sim
350028048544,Placa Encast. Beko HIMG 64223 SX,48544,147,"9,9",BEKO,115,Placa 60 cm | 4 Gás Standard | Ignição Eletrónica | Inox | Válvula de Segurança,GRANDES DOMÉSTICOS,ENCASTRE - MESAS,CONVENCIONAIS C/GÁS,não
350028048551,Placa Encast. Beko HISW 64222 S,48551,215,"13,2",BEKO,115,Placa 60 cm | 4 Cristal Gás (3 Standard + 1 Wok) | Ignição Electrónica | Válvula Segurança | Grelhas de Esmalte | Botões Cilindricos,GRANDES DOMÉSTICOS,ENCASTRE - MESAS,VITROCERÂMICAS C/GÁS,não
350028048557,Placa Encast. Beko HIZG 64101 SX,48557,99,10,BEKO,115,Placa 60 cm | 4 Gás Standard | Válvula Segurança | Inox,GRANDES DOMÉSTICOS,ENCASTRE - MESAS,CONVENCIONAIS C/GÁS,sim
350028048572,Placa Encast. Beko HIZG 64102 SXL,48572,99,"7,9",BEKO,115,Placa 60 cm | 4 Gás Standard | Válvula Segurança | Inox,GRANDES DOMÉSTICOS,ENCASTRE - MESAS,CONVENCIONAIS C/GÁS,sim
350028048541,Placa Encast. Beko HIZG 64110 SX,48541,121,10,BEKO,115,Placa 60 cm | 4 Gás Standard | Isqueiro | Válvula Segurança | Inox,GRANDES DOMÉSTICOS,ENCASTRE - MESAS,CONVENCIONAIS C/GÁS,sim
350028088541,Placa Encast. Beko HIZG 64110 SX (GB),88541,146,10,BEKO,115,Placa 4 Gás | Isqueiro | Inox,GRANDES DOMÉSTICOS,ENCASTRE - MESAS,CONVENCIONAIS C/GÁS,sim
355028058591,Placa Encast. Grundig GIEI 637320 H,58591,513,"12,4",GRUNDIG,115,Placa 60 cm Indução com 2 Zonas + 1 Indução Dupla | Slider Control | Timer,GRANDES DOMÉSTICOS,ENCASTRE - MESAS,DE INDUÇÃO,sim
350028058590,Placa Encast. Grundig GIEI 638370 HF,58590,579,"14,4",GRUNDIG,115,Placa 60 cm Indução com 2 Zonas Flexíveis + 1 Indução Dupla | Slider Control | Timer,GRANDES DOMÉSTICOS,ENCASTRE - MESAS,DE INDUÇÃO,não
355028058590,Placa Encast. Grundig GIEI 638370 HF,58590,579,"12,6",GRUNDIG,115,Placa 60 cm Indução com 2 Zonas Flexíveis + 1 Indução Dupla | Slider Control | Timer,GRANDES DOMÉSTICOS,ENCASTRE - MESAS,DE INDUÇÃO,sim
GDP6300,Rádio CD/MP3 Grundig RCD 1445 USB,GDP6300,72,"2,14",GRUNDIG,235,"Rádio CD Mp3. Sintonizador PLL FM/AM . Potencia: 12W PMPO. 10+10 memorias. Ligações: USB 2.0, auriculares. Display LCD. Alimentação 230V ou por Pilhas. Dimensões: 24,5x14x24,5 cm. Cor: Cinza/Preto",IMAGEM E SOM,AUDIO PORTATIL,RADIOS C/CD,sim
GDP6320,Rádio CD/MP3 Grundig RCD 1445 USB Blue/Silver,GDP6320,72,"2,14",GRUNDIG,235,"Rádio CD Mp3. Sintonizador PLL FM/AM . Potencia: 12W PMPO. 10+10 memorias. Ligações: USB 2.0, auriculares. Display LCD. Alimentação 230V ou por Pilhas. Dimensões: 24,5x14x24,5 cm.",IMAGEM E SOM,AUDIO PORTATIL,RADIOS C/CD,sim
GDP6310,Rádio CD/MP3 Grundig RCD 1445 USB Pink/Silver,GDP6310,72,"2,14",GRUNDIG,235,"Rádio CD Mp3. Sintonizador PLL FM/AM . Potencia: 12W PMPO. 10+10 memorias. Ligações: USB 2.0, auriculares. Display LCD. Alimentação 230V ou por Pilhas. Dimensões: 24,5x14x24,5 cm.",IMAGEM E SOM,AUDIO PORTATIL,RADIOS C/CD,sim
GDP6330,Rádio CD/MP3 Grundig RCD 1445 USB Silver,GDP6330,72,"2,14",GRUNDIG,235,"Rádio CD Mp3. Sintonizador PLL FM/AM . Potencia: 12W PMPO. 10+10 memorias. Ligações: USB 2.0, auriculares. Display LCD. Alimentação 230V ou por Pilhas. Dimensões: 24,5x14x24,5 cm. Cor: Cinza/Preto",IMAGEM E SOM,AUDIO PORTATIL,RADIOS C/CD,sim
GRN0290,Rádio Portátil Grundig City Boy 31/ PR 3201 chrome,GRN0290,13,"0,15",GRUNDIG,235,"Rádio Portátil. Sintonizador analógico. FM/AM. Altifalante integrado.  Ligação auriculares. AFC. Antena telescópica. Auriculares estéreo incluídos. Baterias 2 x AA. Peso 170 g. Medidas: aprox. 7,2 x 12,3 x 3,4 cm. Cor: Cromado.",IMAGEM E SOM,AUDIO PORTATIL,RADIOS PORTATEIS,sim
GRR1991,Rádio Portátil Grundig Micro 61 / silver/grey,GRR1991,18,"0,08",GRUNDIG,235,"Rádio Portátil. Sintonizador analógico. FM/AM.  Ligação auriculares. Antena. Ultra Bass system.  Baterias 1 x AAA. Auriculares estéreo incluídos. Acessório para cinto. Medidas aprox. 5,9 x 9,0 x 2,8 cm.",IMAGEM E SOM,AUDIO PORTATIL,RADIOS PORTATEIS,sim
GRR2090,Rádio Portátil Grundig Mini Boy 62 / como/silver,GRR2090,28,"0,15",GRUNDIG,235,"Mini Rádio Portátil. Sintonizador PLL, FM. Altifalante integrado.  Ligação auriculares. Antena telescópica.  10 memorias rádio. Ultra Bass System. Peso aprox. 90 gr. Baterias 1 x AAA.. Medidas: 6,1x10,5x2,8 cm.",IMAGEM E SOM,AUDIO PORTATIL,RADIOS PORTATEIS,sim
GRN1550,Rádio Portátil Grundig Music 60 Brown,GRN1550,45,"0,9",GRUNDIG,235,"Rádio mesa. Sintonizador analógico. FM mono/AM/OL. Altifalante integrado . Entrada para Headphone.  Antena telescópica. Funcionamento a 230V e a pilhas  4 x LR14. Medidas: 24,7x12,7x6,2 cm. Cor: Castanho",IMAGEM E SOM,AUDIO PORTATIL,RADIOS PORTATEIS,sim
GRN1540,Rádio Portátil Grundig Music 60 Red,GRN1540,45,"0,9",GRUNDIG,235,"Rádio mesa. Sintonizador analógico. FM mono/AM/OL. Altifalante integrado . Entrada para Headphone.  Antena telescópica. Funcionamento a 230V e a pilhas  4 x LR14. Medidas: 24,7x12,7x6,2 cm. Cor: Branco",IMAGEM E SOM,AUDIO PORTATIL,RADIOS PORTATEIS,sim
GRN1510,Rádio Portátil Grundig Music 60 Silver,GRN1510,45,"0,9",GRUNDIG,235,"Rádio mesa. Sintonizador analógico. FM mono/AM/OL. Altifalante integrado . Entrada para Headphone.  Antena telescópica. Funcionamento a 230V e a pilhas  4 x LR14. Medidas: 24,7x12,7x6,2 cm. Cor: Silver.",IMAGEM E SOM,AUDIO PORTATIL,RADIOS PORTATEIS,sim
GRN1520,Rádio Portátil Grundig Music 60 White,GRN1520,45,"0,9",GRUNDIG,235,"Rádio mesa. Sintonizador analógico. FM mono/AM/OL. Altifalante integrado . Entrada para Headphone.  Antena telescópica. Funcionamento a 230V e a pilhas  4 x LR14. Medidas: 24,7x12,7x6,2 cm. Cor: Branco",IMAGEM E SOM,AUDIO PORTATIL,RADIOS PORTATEIS,sim
GRN1410,Rádio Portátil Grundig Music 61 Black,GRN1410,50,"1,14",GRUNDIG,235,"Rádio mesa. Sintonizador analógico. FM mono/AM/OL. Altifalante integrado . Entrada para Headphone.  Antena telescópica. Funcionamento a 230V e a pilhas  4 x LR14. Medidas: 24,7x12,7x6,2 cm. Cor: Branco",IMAGEM E SOM,AUDIO PORTATIL,RADIOS PORTATEIS,sim
GRN1400,Rádio Portátil Grundig Music 61 White,GRN1400,50,"1,16",GRUNDIG,235,"Rádio mesa. Sintonizador analógico. FM mono/AM/OL. Altifalante integrado . Entrada para Headphone.  Antena telescópica. Funcionamento a 230V e a pilhas  4 x LR14. Medidas: 24,7x12,7x6,2 cm. Cor: Branco",IMAGEM E SOM,AUDIO PORTATIL,RADIOS PORTATEIS,sim
GKL0320,Rádio Relógio Grundig SonoClock 230 USB White,GKL0320,80,"0,49",GRUNDIG,230,Rádio Relógio Despertador. Rádio FM RDS recepção. Sintetizador de frequências PLL. Micro SD card Slot. Porta USB. 3 estações pre definidas. Alimentação 230V e bateria de segurança 2 x 1.5 V. Diametro: 10.8 cm.  Cor: Branco/Laranja.,IMAGEM E SOM,AUDIO PORTATIL,RADIO RELOGIO,sim
GKR1600,Rádio Relógio Grundig SonoClock 660,GKR1600,41,"0,94",GRUNDIG,230,,IMAGEM E SOM,AUDIO PORTATIL,RADIO RELOGIO,sim
GKR3140,Rádio Relógio Grundig SonoClock KSC 35 Branco,GKR3140,"16,5","0,42",GRUNDIG,230,"Rádio Relógio Despertador. 1 Alarme por rádio ou sinal sonoro. Snooze 9 min. Indicador de alarme. Rádio FM/AM. Alimentação 230V e bateria de segurança. LED cor verde. Medidas: 18,5 x 4,5 x 13,0 cm. Cor: Negro.",IMAGEM E SOM,AUDIO PORTATIL,RADIO RELOGIO,sim
GCR1040,Rádio Relógio Grundig SonoClock SCC 240,GCR1040,35,"0,79",GRUNDIG,230,"Rádio Relógio Despertador. 2 Alarmes, por rádio ou sinal sonoro. Rádio FM/AM. Control automático de frequência (AFC). Alimentação 230V e bateria de segurança. Display cor âmbar. Medidas: 20 x 12 x 5.5 cm.  Cor: Prata/Titane",IMAGEM E SOM,AUDIO PORTATIL,RADIO RELOGIO,sim
GCR1030,Rádio Relógio Grundig SonoClock SCN 230,GCR1030,35,"0,79",GRUNDIG,230,"Rádio Relógio Despertador. 2 Alarmes, por rádio ou sinal sonoro. Rádio FM/AM. Control automático de frequência (AFC). Alimentação 230V e bateria de segurança. Display cor âmbar. Medidas: 20 x 12 x 5.5 cm.  Cor: Prata/Titane",IMAGEM E SOM,AUDIO PORTATIL,RADIO RELOGIO,sim
GCR1050,Rádio Relógio Grundig SonoClock SCN 340,GCR1050,33,"0,77",GRUNDIG,230,"Rádio Relógio Despertador. 2 Alarmes, por rádio ou sinal sonoro. Rádio FM/AM. Control automático de frequência (AFC). Alimentação 230V e bateria de segurança. Display cor âmbar. Medidas: 11 x 11 x 11 cm.  Cor: Prata/Titane",IMAGEM E SOM,AUDIO PORTATIL,RADIO RELOGIO,sim
